Year,FSM,VR1 Band,VR Band of Student,Ethnic group of student,School denomination,Exam Score
1,24,21,2,1,2,20
1,24,21,3,1,2,12
1,24,21,1,1,2,16
1,24,21,3,5,2,10
1,24,21,3,1,2,9
1,24,21,3,1,2,19
1,24,21,3,2,2,19
1,24,21,3,5,2,18
1,24,21,3,1,2,10
1,24,21,3,1,2,22
1,24,21,2,1,2,52
1,24,21,1,2,2,1
1,24,21,2,2,2,9
1,24,21,1,5,2,1
1,24,21,3,1,2,13
1,24,21,1,5,2,9
1,24,21,3,1,2,12
1,24,21,3,1,2,24
1,24,21,2,7,2,25
1,24,21,3,5,2,6
1,24,21,3,1,2,23
1,24,21,3,2,2,9
1,24,21,3,1,2,4
1,24,21,2,1,2,32
1,24,21,2,1,2,27
1,24,21,1,1,2,12
1,24,21,2,1,2,31
1,24,21,3,5,2,3
1,24,21,3,3,2,15
1,24,21,3,5,2,28
1,24,21,3,5,2,18
1,24,21,2,1,2,20
1,24,21,1,1,2,6
2,37,19,1,5,2,11
2,37,19,2,6,2,39
2,37,19,1,5,2,10
2,37,19,3,1,2,22
2,37,19,3,5,2,8
2,37,19,3,9,2,32
2,37,19,3,5,2,20
2,37,19,3,1,2,21
2,37,19,1,5,2,18
2,37,19,3,1,2,23
2,37,19,1,1,2,13
2,37,19,1,5,2,4
2,37,19,3,1,2,25
2,37,19,3,5,2,17
2,37,19,3,5,2,11
2,37,19,1,5,2,4
2,37,19,3,1,2,29
2,37,19,2,1,2,30
2,37,19,3,5,2,8
2,37,19,3,5,2,30
2,37,19,3,5,2,3
2,37,19,2,6,2,34
2,37,19,3,1,2,23
2,37,19,3,1,2,17
2,37,19,2,1,2,26
2,37,19,2,1,2,29
2,37,19,3,5,2,13
2,37,19,3,5,2,8
2,37,19,3,1,2,26
3,37,20,2,8,2,43
3,37,20,1,5,2,7
3,37,20,3,5,2,22
3,37,20,2,1,2,22
3,37,20,2,1,2,6
3,37,20,3,1,2,32
3,37,20,1,5,2,3
3,37,20,2,8,2,38
3,37,20,3,1,2,15
3,37,20,2,1,2,35
3,37,20,2,5,2,20
3,37,20,3,1,2,20
3,37,20,3,5,2,4
3,37,20,3,5,2,20
3,37,20,3,1,2,5
3,37,20,2,2,2,39
3,37,20,3,5,2,25
3,37,20,1,5,2,3
3,37,20,2,1,2,25
3,37,20,3,5,2,14
3,37,20,2,5,2,13
3,37,20,3,5,2,15
3,37,20,3,5,2,10
3,37,20,3,1,2,10
3,37,20,1,1,2,16
3,37,20,3,5,2,16
3,37,20,2,1,2,12
3,37,20,3,5,2,10
3,37,20,3,5,2,46
3,37,20,3,5,2,30
3,37,20,3,8,2,32
3,37,20,3,5,2,15
3,37,20,3,5,2,25
1,51,14,3,1,1,16
1,51,14,3,1,1,7
1,51,14,2,10,1,30
1,51,14,3,4,1,8
1,51,14,3,1,1,4
1,51,14,2,4,1,25
1,51,14,1,4,1,9
1,51,14,1,7,1,9
1,51,14,3,5,1,5
3,65,13,2,1,1,18
3,65,13,3,1,1,2
3,65,13,3,7,1,10
3,65,13,1,1,1,11
3,65,13,1,9,1,19
3,65,13,2,1,1,23
3,65,13,3,4,1,4
3,65,13,1,1,1,1
3,65,13,2,3,1,7
3,65,13,3,4,1,6
3,65,13,3,1,1,30
3,65,13,3,4,1,18
3,65,13,2,1,1,6
3,65,13,1,1,1,3
3,65,13,3,4,1,17
3,65,13,1,5,1,5
3,46,33,2,1,3,52
3,46,33,2,1,3,17
3,46,33,2,1,3,35
3,46,33,3,1,3,4
3,46,33,3,11,3,13
3,46,33,2,1,3,50
3,46,33,2,11,3,29
3,46,33,3,5,3,3
3,46,33,3,5,3,33
3,46,33,3,1,3,16
3,46,33,3,1,3,20
3,46,33,1,1,3,7
3,46,33,2,1,3,28
3,46,33,2,1,3,32
3,46,33,3,11,3,3
3,46,33,3,1,3,19
3,46,33,2,1,3,24
3,46,33,2,1,3,22
3,46,33,2,1,3,42
3,46,33,2,2,3,24
3,46,33,2,1,3,8
3,46,33,2,11,3,50
3,46,33,1,1,3,1
3,46,33,2,5,3,14
3,46,33,3,1,3,21
3,46,33,3,11,3,8
3,46,33,2,11,3,37
3,46,33,2,5,3,9
3,46,33,3,1,3,10
3,46,33,2,1,3,36
3,46,33,1,1,3,15
3,46,33,1,5,3,6
3,46,33,2,1,3,15
3,46,33,3,1,3,17
1,34,22,1,1,3,5
1,34,22,2,1,3,36
1,34,22,3,11,3,25
1,34,22,3,5,3,5
1,34,22,3,1,3,18
1,34,22,2,11,3,11
1,34,22,2,11,3,34
1,34,22,3,11,3,8
1,34,22,2,6,3,30
1,34,22,3,5,3,5
1,34,22,3,1,3,24
1,34,22,3,1,3,26
1,34,22,1,1,3,1
1,34,22,2,1,3,12
1,34,22,3,1,3,12
1,34,22,3,1,3,1
1,34,22,3,5,3,11
1,34,22,1,11,3,1
1,34,22,3,1,3,22
1,34,22,3,11,3,15
1,34,22,1,5,3,3
1,34,22,1,11,3,9
1,34,22,2,1,3,22
1,34,22,1,11,3,18
1,34,22,1,1,3,8
1,34,22,3,11,3,7
1,34,22,3,1,3,6
1,34,22,2,1,3,32
1,34,22,2,1,3,35
1,34,22,3,5,3,20
1,34,22,3,1,3,3
1,34,22,2,1,3,8
1,34,22,3,1,3,28
1,34,22,1,5,3,11
1,34,22,3,5,3,2
1,34,22,1,11,3,18
1,34,22,3,1,3,2
1,34,22,2,11,3,34
1,34,22,1,1,3,15
2,43,21,1,1,3,8
2,43,21,3,1,3,5
2,43,21,2,1,3,18
2,43,21,2,1,3,25
2,43,21,1,5,3,3
2,43,21,1,11,3,19
2,43,21,3,11,3,13
2,43,21,2,11,3,25
2,43,21,2,11,3,17
2,43,21,2,5,3,24
2,43,21,2,11,3,37
2,43,21,3,1,3,9
2,43,21,2,11,3,30
2,43,21,2,1,3,20
2,43,21,3,11,3,17
2,43,21,3,1,3,3
2,43,21,2,1,3,29
2,43,21,2,1,3,2
2,43,21,3,1,3,14
2,43,21,3,1,3,13
2,43,21,2,6,3,21
2,43,21,1,1,3,10
2,43,21,3,5,3,9
2,43,21,1,5,3,5
2,43,21,2,1,3,30
2,43,21,1,5,3,7
2,43,21,1,5,3,2
2,43,21,3,1,3,21
3,43,16,3,5,3,16
3,43,16,3,1,3,20
3,43,16,3,1,3,15
3,43,16,3,11,3,10
3,43,16,1,11,3,6
3,43,16,3,5,3,27
3,43,16,3,11,3,15
3,43,16,3,11,3,13
3,43,16,2,1,3,29
3,43,16,3,11,3,49
3,43,16,2,1,3,4
3,43,16,2,11,3,15
3,43,16,3,1,3,35
3,43,16,3,1,3,20
3,43,16,2,1,3,19
3,43,16,3,1,3,5
3,43,16,2,5,3,36
3,43,16,3,1,3,16
3,43,16,3,1,3,11
3,43,16,1,1,3,5
3,43,16,2,1,3,13
3,43,16,3,1,3,12
3,43,16,3,1,3,23
3,43,16,2,1,3,24
3,43,16,3,1,3,6
3,43,16,2,1,3,30
3,43,16,3,1,3,19
3,43,16,3,5,3,5
3,43,16,3,5,3,16
3,43,16,3,1,3,11
3,43,16,3,11,3,24
3,43,16,3,11,3,25
3,43,16,3,1,3,8
3,43,16,1,5,3,13
3,43,16,3,5,3,29
3,43,16,3,1,3,9
1,14,23,3,1,3,32
1,14,23,3,1,3,15
1,14,23,3,1,3,16
1,14,23,3,1,3,19
1,14,23,3,1,3,37
1,14,23,3,5,3,14
1,14,23,2,1,3,35
1,14,23,2,1,3,19
1,14,23,2,1,3,28
1,14,23,2,1,3,42
1,14,23,2,1,3,39
1,14,23,3,2,3,24
1,14,23,3,1,3,23
1,14,23,2,1,3,45
1,14,23,3,1,3,22
1,14,23,3,11,3,26
1,14,23,3,1,3,13
1,14,23,3,1,3,37
1,14,23,3,3,3,17
1,14,23,3,11,3,42
1,14,23,3,1,3,27
1,14,23,3,1,3,16
2,11,24,3,1,3,11
2,11,24,3,1,3,24
2,11,24,2,5,3,19
2,11,24,3,1,3,34
2,11,24,2,1,3,18
2,11,24,3,1,3,33
2,11,24,2,1,3,36
2,11,24,3,5,3,30
2,11,24,3,1,3,5
2,11,24,3,11,3,21
2,11,24,2,1,3,22
2,11,24,1,11,3,40
2,11,24,3,1,3,35
2,11,24,3,1,3,22
2,11,24,3,1,3,31
2,11,24,2,11,3,22
2,11,24,1,1,3,9
2,11,24,2,1,3,34
2,11,24,3,1,3,27
2,11,24,2,1,3,26
2,11,24,3,5,3,23
2,11,24,3,11,3,44
2,11,24,2,1,3,25
2,11,24,3,11,3,31
2,11,24,1,5,3,12
2,11,24,2,1,3,34
2,11,24,2,1,3,27
2,11,24,3,5,3,32
2,11,24,3,1,3,34
2,11,24,3,11,3,25
2,11,24,3,5,3,33
2,11,24,2,1,3,39
2,11,24,2,1,3,30
2,11,24,2,11,3,38
2,11,24,3,1,3,21
2,11,24,3,11,3,32
2,11,24,3,1,3,19
2,11,24,3,11,3,24
2,11,24,2,1,3,37
2,11,24,3,1,3,24
3,11,26,2,1,3,18
3,11,26,1,11,3,12
3,11,26,3,5,3,43
3,11,26,3,11,3,20
3,11,26,3,1,3,30
3,11,26,1,1,3,2
3,11,26,3,1,3,27
3,11,26,1,1,3,33
3,11,26,3,11,3,37
3,11,26,2,1,3,39
3,11,26,1,1,3,23
3,11,26,3,11,3,48
3,11,26,2,1,3,35
3,11,26,2,1,3,39
3,11,26,2,1,3,38
3,11,26,3,1,3,26
3,11,26,3,1,3,30
3,11,26,3,1,3,37
3,11,26,3,1,3,27
3,11,26,2,1,3,28
3,11,26,1,11,3,35
3,11,26,3,1,3,38
3,11,26,3,1,3,25
3,11,26,2,1,3,35
3,11,26,3,1,3,36
3,11,26,3,1,3,16
3,11,26,1,5,3,30
3,11,26,3,11,3,31
3,11,26,2,1,3,38
3,11,26,3,1,3,28
3,11,26,3,5,3,28
3,11,26,2,1,3,29
3,11,26,3,1,3,16
3,11,26,3,1,3,10
3,11,26,2,1,3,30
3,11,26,2,1,3,33
3,11,26,2,1,3,34
3,11,26,2,1,3,38
3,11,26,2,1,3,34
3,11,26,3,1,3,32
3,11,26,3,1,3,32
3,11,26,3,1,3,26
3,11,26,3,1,3,31
3,11,26,2,1,3,40
3,11,26,3,7,3,33
1,28,24,3,4,1,50
1,28,24,3,1,1,29
1,28,24,3,9,1,26
1,28,24,3,1,1,10
1,28,24,2,1,1,26
1,28,24,2,1,1,43
1,28,24,2,1,1,15
1,28,24,3,10,1,30
1,28,24,3,1,1,2
1,28,24,1,1,1,7
1,28,24,3,1,1,8
1,28,24,2,1,1,51
1,28,24,2,5,1,43
1,28,24,3,1,1,10
1,28,24,3,1,1,14
1,28,24,3,1,1,15
1,28,24,3,1,1,27
1,28,24,3,5,1,9
1,28,24,1,10,1,3
1,28,24,3,5,1,10
1,28,24,2,1,1,18
1,28,24,3,1,1,12
1,28,24,3,5,1,22
1,28,24,2,10,1,25
1,28,24,1,5,1,6
1,28,24,1,1,1,7
1,28,24,1,5,1,6
1,28,24,2,5,1,21
1,28,24,3,1,1,26
1,28,24,3,1,1,7
1,28,24,3,1,1,15
1,28,24,3,1,1,5
1,28,24,2,1,1,17
1,28,24,2,1,1,2
1,28,24,3,1,1,40
1,28,24,3,1,1,9
1,28,24,3,1,1,16
1,28,24,1,1,1,1
1,28,24,2,1,1,54
1,28,24,2,5,1,36
1,28,24,2,5,1,31
1,28,24,3,1,1,25
1,28,24,1,5,1,8
1,28,24,2,1,1,46
1,28,24,1,1,1,6
1,28,24,3,5,1,17
1,28,24,1,1,1,14
1,28,24,1,5,1,10
1,28,24,2,1,1,36
1,28,24,1,1,1,6
1,28,24,2,1,1,33
1,28,24,3,1,1,26
1,28,24,1,1,1,9
1,28,24,3,1,1,1
1,28,24,2,1,1,35
1,28,24,3,5,1,12
2,38,16,3,1,1,10
2,38,16,1,1,1,15
2,38,16,3,1,1,12
2,38,16,2,5,1,21
2,38,16,3,4,1,18
2,38,16,1,1,1,4
2,38,16,2,1,1,26
2,38,16,3,1,1,13
2,38,16,1,1,1,7
2,38,16,3,1,1,39
2,38,16,3,1,1,5
2,38,16,1,1,1,1
2,38,16,2,1,1,1
2,38,16,3,5,1,12
2,38,16,3,1,1,17
2,38,16,1,1,1,9
2,38,16,1,5,1,13
2,38,16,3,5,1,7
2,38,16,3,1,1,15
2,38,16,3,5,1,15
2,38,16,2,1,1,49
2,38,16,3,1,1,5
2,38,16,3,1,1,22
2,38,16,3,5,1,14
2,38,16,3,1,1,12
2,38,16,3,1,1,23
2,38,16,1,5,1,6
2,38,16,2,1,1,6
2,38,16,3,1,1,27
2,38,16,1,5,1,1
2,38,16,1,5,1,4
2,38,16,3,1,1,26
2,38,16,3,1,1,27
2,38,16,2,1,1,26
2,38,16,3,5,1,14
2,38,16,3,5,1,12
2,38,16,3,1,1,13
2,38,16,3,1,1,15
2,38,16,1,5,1,10
2,38,16,3,1,1,13
2,38,16,3,5,1,13
2,38,16,2,1,1,7
2,38,16,3,5,1,3
2,38,16,1,1,1,3
2,38,16,3,1,1,7
3,38,28,1,5,1,1
3,38,28,3,1,1,11
3,38,28,2,1,1,32
3,38,28,3,5,1,19
3,38,28,1,10,1,5
3,38,28,2,1,1,40
3,38,28,3,2,1,8
3,38,28,3,1,1,8
3,38,28,3,1,1,6
3,38,28,1,1,1,11
3,38,28,3,5,1,22
3,38,28,3,1,1,3
3,38,28,3,1,1,15
3,38,28,3,1,1,7
3,38,28,2,7,1,4
3,38,28,3,1,1,4
3,38,28,3,1,1,8
3,38,28,1,5,1,2
3,38,28,2,1,1,5
3,38,28,3,1,1,7
3,38,28,3,1,1,5
3,38,28,1,5,1,5
3,38,28,2,1,1,28
3,38,28,3,1,1,2
3,38,28,2,1,1,30
3,38,28,2,1,1,16
3,38,28,3,1,1,16
3,38,28,3,1,1,14
3,38,28,2,1,1,27
3,38,28,3,1,1,11
3,38,28,2,1,1,43
3,38,28,2,5,1,27
3,38,28,2,5,1,45
3,38,28,2,5,1,15
3,38,28,3,5,1,9
3,38,28,3,1,1,18
1,28,22,2,1,1,41
1,28,22,2,1,1,18
1,28,22,3,5,1,13
1,28,22,2,1,1,23
1,28,22,2,1,1,11
1,28,22,2,1,1,36
1,28,22,3,1,1,1
1,28,22,2,1,1,45
1,28,22,3,1,1,2
1,28,22,2,1,1,26
1,28,22,3,1,1,17
1,28,22,3,1,1,9
1,28,22,3,1,1,6
1,28,22,2,1,1,1
1,28,22,3,1,1,25
1,28,22,3,1,1,13
1,28,22,3,1,1,9
1,28,22,3,5,1,13
1,28,22,1,1,1,9
1,28,22,2,1,1,16
1,28,22,1,1,1,4
1,28,22,1,10,1,13
1,28,22,3,1,1,11
1,28,22,3,1,1,23
1,28,22,1,1,1,1
1,28,22,1,5,1,9
2,40,20,2,1,1,21
2,40,20,3,11,1,4
2,40,20,2,1,1,35
2,40,20,1,1,1,15
2,40,20,1,1,1,16
2,40,20,1,1,1,19
2,40,20,3,5,1,4
2,40,20,3,1,1,13
2,40,20,3,1,1,11
2,40,20,3,5,1,3
2,40,20,3,5,1,19
2,40,20,3,1,1,7
2,40,20,3,1,1,1
2,40,20,2,1,1,38
2,40,20,3,5,1,15
2,40,20,3,1,1,11
2,40,20,3,1,1,33
2,40,20,1,1,1,12
2,40,20,1,1,1,9
2,40,20,3,5,1,14
2,40,20,3,5,1,3
2,40,20,3,1,1,29
2,40,20,3,7,1,27
2,40,20,2,10,1,43
2,40,20,2,1,1,15
2,40,20,3,1,1,24
2,40,20,2,5,1,10
2,40,20,3,1,1,6
2,40,20,3,11,1,13
2,40,20,3,1,1,14
2,40,20,2,1,1,23
2,40,20,2,1,1,4
2,40,20,3,5,1,3
2,40,20,2,1,1,41
2,40,20,3,1,1,21
2,40,20,2,1,1,20
3,40,20,3,1,1,12
3,40,20,3,1,1,19
3,40,20,3,1,1,7
3,40,20,3,1,1,18
3,40,20,3,1,1,15
3,40,20,1,10,1,2
3,40,20,1,5,1,16
3,40,20,1,1,1,9
3,40,20,3,1,1,14
3,40,20,2,10,1,21
3,40,20,1,4,1,33
3,40,20,2,1,1,33
3,40,20,3,7,1,25
3,40,20,2,1,1,19
3,40,20,2,1,1,12
3,40,20,3,1,1,23
3,40,20,3,1,1,6
3,40,20,2,1,1,23
3,40,20,2,1,1,22
3,40,20,2,1,1,11
3,40,20,2,1,1,40
3,40,20,3,1,1,32
3,40,20,1,5,1,3
3,40,20,3,1,1,11
2,39,36,2,7,3,16
2,39,36,1,5,3,19
2,39,36,2,1,3,13
2,39,36,3,1,3,15
2,39,36,2,1,3,38
2,39,36,2,1,3,30
2,39,36,3,1,3,30
2,39,36,2,1,3,8
2,39,36,2,1,3,4
2,39,36,3,1,3,22
2,39,36,2,1,3,11
2,39,36,3,1,3,14
2,39,36,3,1,3,16
2,39,36,3,11,3,37
2,39,36,2,1,3,38
2,39,36,3,1,3,14
2,39,36,3,5,3,25
2,39,36,3,1,3,5
2,39,36,1,2,3,46
2,39,36,3,1,3,35
2,39,36,2,1,3,12
2,39,36,1,1,3,6
2,39,36,2,1,3,18
2,39,36,2,1,3,33
2,39,36,3,5,3,13
2,39,36,3,1,3,6
2,39,36,3,1,3,33
2,39,36,2,1,3,33
2,39,36,2,1,3,21
2,39,36,2,5,3,8
2,39,36,3,1,3,41
2,39,36,3,5,3,20
2,39,36,2,1,3,10
2,39,36,2,1,3,37
2,39,36,2,1,3,15
2,39,36,3,5,3,12
2,39,36,1,1,3,5
2,39,36,1,1,3,10
2,39,36,1,1,3,6
2,39,36,2,1,3,18
2,39,36,2,1,3,13
2,39,36,3,1,3,14
2,39,36,1,7,3,5
2,39,36,1,1,3,45
2,39,36,2,1,3,34
2,39,36,3,11,3,14
2,39,36,2,1,3,48
2,39,36,3,1,3,30
2,39,36,3,1,3,20
2,39,36,2,7,3,33
2,39,36,2,1,3,21
2,39,36,2,1,3,26
2,39,36,2,1,3,41
2,39,36,3,1,3,5
2,39,36,2,1,3,41
2,39,36,3,1,3,30
2,39,36,3,1,3,4
2,39,36,3,1,3,10
2,39,36,2,1,3,16
2,39,36,3,7,3,33
2,39,36,2,1,3,23
2,39,36,1,7,3,9
2,39,36,2,1,3,32
2,39,36,3,1,3,23
2,39,36,2,1,3,13
2,39,36,3,11,3,11
2,39,36,3,1,3,27
2,39,36,3,2,3,17
2,39,36,3,1,3,33
2,39,36,3,1,3,1
2,39,36,2,1,3,6
3,39,31,1,1,3,13
3,39,31,2,10,3,45
3,39,31,3,5,3,19
3,39,31,2,1,3,26
3,39,31,1,5,3,2
3,39,31,3,1,3,24
3,39,31,3,1,3,4
3,39,31,2,1,3,32
3,39,31,3,5,3,5
3,39,31,1,1,3,5
3,39,31,3,1,3,7
3,39,31,3,1,3,16
3,39,31,1,11,3,24
3,39,31,2,7,3,68
3,39,31,3,5,3,4
3,39,31,2,11,3,42
3,39,31,3,1,3,31
3,39,31,3,1,3,11
3,39,31,3,1,3,16
3,39,31,1,11,3,6
3,39,31,2,11,3,27
3,39,31,3,1,3,21
3,39,31,3,1,3,28
3,39,31,1,11,3,4
3,39,31,3,1,3,31
3,39,31,2,1,3,25
3,39,31,3,11,3,5
3,39,31,1,11,3,27
3,39,31,1,1,3,4
3,39,31,3,1,3,23
3,39,31,1,1,3,16
3,39,31,1,1,3,5
3,39,31,1,1,3,8
3,39,31,2,5,3,14
3,39,31,3,1,3,20
3,39,31,3,1,3,18
3,39,31,3,1,3,25
3,39,31,3,1,3,28
3,39,31,2,1,3,8
3,39,31,1,1,3,8
3,39,31,2,11,3,55
3,39,31,2,5,3,10
3,39,31,3,1,3,2
3,39,31,3,1,3,30
3,39,31,3,1,3,8
3,39,31,2,1,3,61
3,39,31,3,7,3,53
3,39,31,2,1,3,50
3,39,31,2,1,3,42
3,39,31,2,1,3,15
3,39,31,2,1,3,25
3,39,31,3,1,3,25
3,39,31,3,5,3,10
3,39,31,2,7,3,26
3,39,31,2,7,3,44
3,39,31,2,1,3,58
3,39,31,1,1,3,12
3,39,31,1,1,3,7
3,39,31,3,1,3,17
3,39,31,2,11,3,26
3,39,31,3,11,3,33
3,39,31,3,1,3,10
3,39,31,2,1,3,31
3,39,31,1,1,3,3
3,39,31,1,11,3,18
3,39,31,2,1,3,16
3,39,31,3,5,3,25
3,39,31,2,1,3,26
3,39,31,2,11,3,32
3,39,31,3,1,3,26
3,39,31,3,1,3,14
3,39,31,3,1,3,56
3,39,31,3,1,3,19
3,39,31,3,1,3,31
3,39,31,2,1,3,36
2,37,25,1,11,3,25
2,37,25,3,1,3,13
2,37,25,3,1,3,29
2,37,25,1,5,3,3
2,37,25,2,1,3,10
2,37,25,3,5,3,10
2,37,25,3,11,3,43
2,37,25,3,1,3,26
2,37,25,3,11,3,8
2,37,25,3,1,3,11
2,37,25,3,1,3,5
2,37,25,3,1,3,33
2,37,25,1,1,3,8
2,37,25,3,1,3,41
2,37,25,3,9,3,54
2,37,25,2,11,3,37
2,37,25,2,1,3,32
2,37,25,3,1,3,2
2,37,25,2,11,3,29
2,37,25,3,5,3,15
2,37,25,3,1,3,31
2,37,25,2,1,3,48
2,37,25,1,11,3,18
2,37,25,3,1,3,4
2,37,25,3,1,3,24
2,37,25,1,1,3,6
2,37,25,3,1,3,24
2,37,25,2,11,3,47
2,37,25,1,5,3,4
2,37,25,1,11,3,4
2,37,25,3,7,3,8
2,37,25,3,11,3,10
2,37,25,2,11,3,43
2,37,25,1,1,3,15
2,37,25,3,1,3,6
2,37,25,2,1,3,36
2,37,25,3,1,3,14
2,37,25,3,11,3,27
2,37,25,2,1,3,41
2,37,25,2,2,3,42
2,37,25,3,1,3,3
2,37,25,1,1,3,16
2,37,25,3,1,3,7
2,37,25,1,1,3,6
2,37,25,1,1,3,6
2,37,25,3,11,3,13
2,37,25,1,1,3,39
2,37,25,2,1,3,20
2,37,25,3,1,3,8
2,37,25,2,1,3,54
2,37,25,1,2,3,10
2,37,25,3,1,3,7
2,37,25,1,1,3,6
2,37,25,2,1,3,24
2,37,25,1,1,3,9
2,37,25,3,1,3,18
2,37,25,1,11,3,9
2,37,25,3,1,3,16
2,37,25,3,1,3,29
2,37,25,1,5,3,2
2,37,25,3,1,3,12
2,37,25,2,1,3,21
2,37,25,3,1,3,19
2,37,25,1,11,3,1
2,37,25,3,2,3,8
2,37,25,3,11,3,24
2,37,25,3,1,3,15
2,37,25,2,11,3,36
2,37,25,3,1,3,24
2,37,25,3,1,3,22
2,37,25,2,1,3,6
2,37,25,1,1,3,11
3,37,25,1,5,3,7
3,37,25,2,1,3,31
3,37,25,3,1,3,16
3,37,25,3,1,3,36
3,37,25,3,2,3,12
3,37,25,3,11,3,29
3,37,25,3,5,3,16
3,37,25,2,1,3,29
3,37,25,1,11,3,29
3,37,25,2,1,3,15
3,37,25,2,1,3,21
3,37,25,3,1,3,21
3,37,25,1,5,3,9
3,37,25,3,1,3,36
3,37,25,2,1,3,28
3,37,25,2,1,3,57
3,37,25,3,1,3,1
3,37,25,3,1,3,12
3,37,25,3,5,3,14
3,37,25,3,1,3,23
3,37,25,3,5,3,8
3,37,25,3,1,3,24
3,37,25,3,1,3,15
3,37,25,2,1,3,16
3,37,25,3,1,3,42
3,37,25,2,1,3,18
3,37,25,2,1,3,49
3,37,25,1,5,3,11
3,37,25,1,1,3,11
3,37,25,2,1,3,19
3,37,25,2,1,3,41
3,37,25,3,11,3,34
3,37,25,1,1,3,17
3,37,25,3,1,3,5
3,37,25,1,1,3,15
3,37,25,3,5,3,14
3,37,25,3,1,3,4
3,37,25,3,1,3,16
3,37,25,3,1,3,7
3,37,25,1,11,3,1
3,37,25,2,1,3,8
3,37,25,2,11,3,28
3,37,25,3,1,3,12
3,37,25,2,1,3,20
3,37,25,1,1,3,10
3,37,25,1,5,3,18
3,37,25,1,1,3,17
3,37,25,2,1,3,4
3,37,25,3,1,3,24
3,37,25,3,1,3,28
3,37,25,2,1,3,22
3,37,25,1,11,3,5
3,37,25,2,1,3,47
3,37,25,2,1,3,13
3,37,25,2,1,3,30
3,37,25,2,1,3,11
3,37,25,2,1,3,28
3,37,25,3,1,3,26
3,37,25,3,1,3,21
3,37,25,2,1,3,46
3,37,25,3,1,3,6
3,37,25,3,1,3,18
3,37,25,3,1,3,26
3,37,25,2,2,3,20
3,37,25,3,1,3,24
1,53,14,3,2,1,15
1,53,14,3,1,1,14
1,53,14,3,1,1,12
1,53,14,3,11,1,9
1,53,14,3,1,1,3
1,53,14,3,1,1,14
1,53,14,3,11,1,24
1,53,14,3,1,1,37
1,53,14,1,1,1,19
1,53,14,2,1,1,23
1,53,14,1,10,1,12
1,53,14,3,10,1,14
1,53,14,3,5,1,17
1,53,14,3,1,1,5
1,53,14,3,11,1,4
1,53,14,2,1,1,21
1,53,14,1,1,1,6
1,53,14,1,1,1,4
1,53,14,3,6,1,18
1,53,14,3,1,1,10
1,53,14,3,1,1,9
1,53,14,3,11,1,5
1,53,14,2,1,1,15
1,53,14,2,1,1,3
1,53,14,1,4,1,20
1,53,14,3,7,1,9
1,53,14,2,1,1,17
1,53,14,1,4,1,27
1,53,14,1,4,1,29
1,53,14,2,1,1,3
1,53,14,2,1,1,5
1,53,14,2,1,1,17
2,77,13,3,1,1,16
2,77,13,1,1,1,11
2,77,13,3,5,1,25
2,77,13,1,4,1,12
2,77,13,2,1,1,15
2,77,13,3,1,1,2
2,77,13,2,1,1,21
2,77,13,3,11,1,13
2,77,13,3,5,1,25
2,77,13,1,1,1,10
2,77,13,3,6,1,39
2,77,13,3,1,1,5
2,77,13,3,10,1,8
2,77,13,2,1,1,31
2,77,13,1,4,1,33
2,77,13,1,1,1,14
2,77,13,3,1,1,16
2,77,13,1,4,1,14
2,77,13,3,1,1,4
2,77,13,1,4,1,3
2,77,13,3,1,1,9
2,77,13,3,5,1,2
2,77,13,1,4,1,7
2,77,13,3,9,1,15
2,77,13,3,10,1,26
2,77,13,3,4,1,25
2,77,13,3,1,1,31
2,77,13,1,4,1,8
2,77,13,2,1,1,5
2,77,13,3,5,1,16
2,77,13,1,4,1,24
2,77,13,3,1,1,16
2,77,13,3,1,1,11
3,77,10,3,5,1,18
3,77,10,3,4,1,37
3,77,10,3,4,1,24
3,77,10,3,1,1,24
3,77,10,3,7,1,4
3,77,10,1,1,1,6
3,77,10,1,4,1,11
3,77,10,3,7,1,20
3,77,10,3,5,1,25
3,77,10,1,4,1,2
3,77,10,1,1,1,5
3,77,10,3,4,1,20
3,77,10,1,4,1,2
3,77,10,1,5,1,5
3,77,10,3,6,1,4
3,77,10,3,10,1,24
3,77,10,3,1,1,17
3,77,10,2,1,1,38
3,77,10,3,1,1,25
3,77,10,2,1,1,21
3,77,10,1,1,1,8
3,77,10,3,4,1,20
3,77,10,1,1,1,10
3,77,10,3,4,1,8
3,77,10,2,1,1,3
3,77,10,1,4,1,6
3,77,10,3,1,1,6
1,31,30,3,1,1,20
1,31,30,2,11,1,34
1,31,30,1,1,1,11
1,31,30,3,5,1,18
1,31,30,3,1,1,22
1,31,30,3,10,1,26
1,31,30,3,5,1,5
1,31,30,3,1,1,8
1,31,30,3,1,1,11
1,31,30,2,1,1,26
1,31,30,2,1,1,45
1,31,30,2,1,1,38
1,31,30,3,1,1,17
1,31,30,3,5,1,17
1,31,30,1,1,1,7
1,31,30,1,1,1,13
1,31,30,2,1,1,30
1,31,30,3,1,1,15
1,31,30,2,1,1,21
1,31,30,3,1,1,16
1,31,30,3,5,1,7
1,31,30,2,1,1,22
1,31,30,1,1,1,1
1,31,30,3,5,1,18
1,31,30,2,1,1,47
1,31,30,2,1,1,35
1,31,30,2,1,1,40
1,31,30,1,1,1,3
1,31,30,3,1,1,28
1,31,30,2,11,1,25
1,31,30,3,1,1,10
1,31,30,1,1,1,4
1,31,30,3,1,1,11
1,31,30,3,10,1,3
1,31,30,3,1,1,11
1,31,30,3,5,1,31
1,31,30,1,5,1,1
1,31,30,3,1,1,20
1,31,30,3,5,1,8
1,31,30,3,1,1,21
1,31,30,1,5,1,7
1,31,30,3,1,1,19
1,31,30,2,1,1,44
1,31,30,2,1,1,22
1,31,30,2,1,1,44
1,31,30,2,1,1,51
1,31,30,3,1,1,11
1,31,30,3,1,1,23
1,31,30,2,1,1,18
1,31,30,3,1,1,14
1,31,30,3,1,1,24
1,31,30,1,5,1,7
1,31,30,3,1,1,4
1,31,30,3,1,1,17
1,31,30,3,1,1,19
1,31,30,2,1,1,32
1,31,30,1,1,1,1
1,31,30,1,1,1,14
1,31,30,3,1,1,13
1,31,30,2,1,1,20
1,31,30,3,8,1,29
1,31,30,3,1,1,18
1,31,30,1,5,1,6
1,31,30,1,1,1,1
1,31,30,2,11,1,34
1,31,30,3,1,1,11
1,31,30,3,1,1,8
1,31,30,1,1,1,3
1,31,30,3,1,1,17
1,31,30,1,1,1,13
1,31,30,3,1,1,24
1,31,30,2,1,1,49
1,31,30,1,1,1,6
1,31,30,2,1,1,32
1,31,30,2,1,1,35
1,31,30,1,1,1,2
1,31,30,3,1,1,6
1,31,30,2,1,1,15
1,31,30,1,11,1,12
1,31,30,3,1,1,7
1,31,30,2,1,1,25
1,31,30,2,1,1,53
1,31,30,2,1,1,27
1,31,30,3,1,1,39
1,31,30,2,1,1,36
1,31,30,1,1,1,16
1,31,30,3,1,1,20
1,31,30,3,1,1,18
1,31,30,2,10,1,30
1,31,30,2,1,1,18
1,31,30,3,1,1,40
2,39,25,2,1,1,17
2,39,25,3,1,1,14
2,39,25,1,10,1,17
2,39,25,2,1,1,29
2,39,25,3,1,1,33
2,39,25,3,1,1,6
2,39,25,3,1,1,22
2,39,25,3,5,1,8
2,39,25,2,1,1,22
2,39,25,3,1,1,37
2,39,25,3,1,1,39
2,39,25,2,1,1,32
2,39,25,1,2,1,11
2,39,25,2,1,1,22
2,39,25,2,1,1,42
2,39,25,3,1,1,8
2,39,25,2,1,1,22
2,39,25,3,1,1,17
2,39,25,3,1,1,18
2,39,25,1,1,1,4
2,39,25,3,1,1,13
2,39,25,1,1,1,22
2,39,25,1,1,1,30
2,39,25,3,1,1,23
2,39,25,2,1,1,11
2,39,25,2,1,1,20
2,39,25,2,1,1,24
2,39,25,3,1,1,17
2,39,25,3,1,1,13
2,39,25,3,1,1,22
2,39,25,3,11,1,43
2,39,25,3,1,1,19
2,39,25,2,1,1,18
2,39,25,2,1,1,28
2,39,25,1,1,1,15
2,39,25,2,1,1,35
2,39,25,1,1,1,2
2,39,25,1,1,1,17
2,39,25,3,5,1,21
2,39,25,3,1,1,6
2,39,25,3,1,1,12
2,39,25,2,1,1,12
2,39,25,2,2,1,18
2,39,25,1,1,1,10
2,39,25,3,1,1,26
2,39,25,3,1,1,19
2,39,25,2,1,1,19
2,39,25,3,1,1,16
2,39,25,2,1,1,17
2,39,25,2,1,1,17
2,39,25,1,1,1,23
2,39,25,3,1,1,19
2,39,25,1,5,1,6
2,39,25,2,1,1,16
2,39,25,3,1,1,5
2,39,25,3,5,1,20
2,39,25,2,1,1,35
2,39,25,3,1,1,15
2,39,25,2,1,1,30
2,39,25,3,1,1,17
2,39,25,1,5,1,10
2,39,25,3,1,1,21
2,39,25,1,5,1,4
2,39,25,3,8,1,17
2,39,25,1,7,1,1
2,39,25,3,1,1,21
2,39,25,2,1,1,9
2,39,25,3,1,1,21
2,39,25,1,1,1,9
2,39,25,2,1,1,11
2,39,25,3,5,1,8
2,39,25,3,5,1,16
2,39,25,3,1,1,11
3,39,25,3,1,1,8
3,39,25,3,1,1,27
3,39,25,2,1,1,59
3,39,25,1,4,1,18
3,39,25,3,8,1,19
3,39,25,2,1,1,38
3,39,25,3,1,1,28
3,39,25,3,1,1,21
3,39,25,3,1,1,24
3,39,25,3,1,1,26
3,39,25,1,1,1,10
3,39,25,3,5,1,28
3,39,25,1,2,1,9
3,39,25,3,1,1,3
3,39,25,3,1,1,24
3,39,25,3,1,1,19
3,39,25,3,1,1,16
3,39,25,2,1,1,9
3,39,25,3,1,1,15
3,39,25,2,1,1,5
3,39,25,1,10,1,35
3,39,25,3,1,1,17
3,39,25,2,1,1,43
3,39,25,2,1,1,42
3,39,25,3,1,1,28
3,39,25,1,5,1,10
3,39,25,2,1,1,43
3,39,25,3,5,1,20
3,39,25,1,5,1,14
3,39,25,2,5,1,19
3,39,25,3,1,1,11
3,39,25,1,5,1,6
3,39,25,1,1,1,20
3,39,25,2,1,1,21
3,39,25,1,1,1,9
3,39,25,2,1,1,39
3,39,25,3,1,1,19
3,39,25,3,5,1,26
3,39,25,2,5,1,26
3,39,25,3,1,1,20
3,39,25,2,1,1,56
3,39,25,2,1,1,31
3,39,25,3,1,1,12
3,39,25,2,1,1,37
3,39,25,3,1,1,19
3,39,25,3,1,1,24
3,39,25,3,1,1,15
3,39,25,3,1,1,33
3,39,25,3,1,1,18
3,39,25,2,1,1,50
3,39,25,2,1,1,34
3,39,25,2,1,1,38
3,39,25,3,11,1,12
3,39,25,2,7,1,23
3,39,25,2,1,1,24
3,39,25,2,1,1,30
3,39,25,3,5,1,9
3,39,25,3,1,1,38
3,39,25,3,2,1,18
3,39,25,3,1,1,22
3,39,25,2,1,1,55
3,39,25,2,5,1,48
3,39,25,3,8,1,36
3,39,25,3,1,1,6
3,39,25,3,5,1,21
3,39,25,2,1,1,31
3,39,25,3,1,1,34
3,39,25,3,1,1,19
3,39,25,3,1,1,11
3,39,25,3,5,1,22
1,25,32,2,1,1,32
1,25,32,2,8,1,55
1,25,32,2,8,1,49
1,25,32,1,7,1,5
1,25,32,3,7,1,29
1,25,32,1,1,1,10
1,25,32,2,1,1,45
1,25,32,3,1,1,36
1,25,32,2,1,1,42
1,25,32,2,1,1,49
1,25,32,3,2,1,22
1,25,32,3,1,1,19
1,25,32,2,1,1,26
1,25,32,3,1,1,29
1,25,32,3,7,1,23
1,25,32,1,5,1,6
1,25,32,2,1,1,55
1,25,32,2,1,1,21
1,25,32,3,1,1,13
1,25,32,3,5,1,34
1,25,32,3,1,1,26
1,25,32,3,1,1,20
1,25,32,3,7,1,24
1,25,32,1,5,1,9
1,25,32,1,5,1,12
1,25,32,2,1,1,30
1,25,32,1,1,1,19
1,25,32,2,8,1,46
1,25,32,3,1,1,32
1,25,32,2,1,1,49
1,25,32,2,1,1,59
1,25,32,3,1,1,32
1,25,32,3,10,1,11
2,38,25,3,1,1,8
2,38,25,2,7,1,58
2,38,25,2,1,1,54
2,38,25,3,1,1,38
2,38,25,3,1,1,44
2,38,25,1,1,1,8
2,38,25,2,1,1,46
2,38,25,2,1,1,57
2,38,25,2,8,1,54
2,38,25,3,1,1,27
2,38,25,2,1,1,42
2,38,25,3,5,1,31
2,38,25,2,5,1,27
2,38,25,3,1,1,31
2,38,25,2,1,1,69
2,38,25,2,1,1,61
2,38,25,3,1,1,10
2,38,25,2,7,1,49
2,38,25,2,2,1,36
2,38,25,3,10,1,29
2,38,25,2,1,1,41
2,38,25,3,1,1,20
2,38,25,1,5,1,7
2,38,25,2,8,1,44
2,38,25,3,1,1,42
2,38,25,1,5,1,15
2,38,25,1,5,1,18
2,38,25,3,1,1,9
2,38,25,3,1,1,4
2,38,25,2,5,1,34
3,38,32,2,1,1,37
3,38,32,3,1,1,31
3,38,32,3,1,1,27
3,38,32,2,1,1,53
3,38,32,1,1,1,32
3,38,32,2,6,1,29
3,38,32,2,1,1,15
3,38,32,2,1,1,55
3,38,32,2,1,1,55
3,38,32,3,1,1,29
3,38,32,2,1,1,44
3,38,32,2,1,1,57
3,38,32,3,8,1,45
3,38,32,1,8,1,10
3,38,32,3,1,1,29
3,38,32,3,1,1,15
3,38,32,2,1,1,31
3,38,32,1,5,1,19
3,38,32,3,1,1,25
3,38,32,3,1,1,36
3,38,32,2,1,1,34
3,38,32,3,5,1,25
3,38,32,2,1,1,36
3,38,32,3,1,1,30
3,38,32,1,11,1,5
3,38,32,3,1,1,36
3,38,32,3,10,1,38
3,38,32,3,1,1,35
3,38,32,3,1,1,29
3,38,32,3,8,1,27
3,38,32,3,1,1,31
3,38,32,3,8,1,30
3,38,32,3,1,1,20
3,38,32,3,1,1,36
3,38,32,3,1,1,24
3,38,32,2,1,1,57
3,38,32,2,1,1,34
1,42,14,1,5,1,21
1,42,14,2,5,1,43
1,42,14,1,5,1,1
1,42,14,2,1,1,40
1,42,14,1,5,1,17
1,42,14,3,5,1,9
1,42,14,3,1,1,21
1,42,14,3,1,1,31
1,42,14,3,1,1,18
1,42,14,1,5,1,7
1,42,14,1,11,1,4
1,42,14,1,5,1,12
1,42,14,1,5,1,6
1,42,14,3,10,1,3
1,42,14,1,5,1,2
1,42,14,3,5,1,15
1,42,14,3,5,1,27
1,42,14,3,5,1,8
1,42,14,1,5,1,9
1,42,14,3,1,1,5
1,42,14,2,5,1,18
1,42,14,1,5,1,11
1,42,14,2,2,1,20
1,42,14,3,5,1,19
1,42,14,2,5,1,34
1,42,14,1,5,1,17
1,42,14,3,1,1,14
1,42,14,3,5,1,6
1,42,14,2,8,1,32
1,42,14,1,1,1,23
1,42,14,3,1,1,11
1,42,14,3,5,1,15
1,42,14,1,5,1,8
1,42,14,3,9,1,12
1,42,14,2,1,1,21
1,42,14,3,5,1,5
1,42,14,2,5,1,32
1,42,14,1,1,1,17
1,42,14,3,1,1,20
1,42,14,2,1,1,8
1,42,14,3,5,1,3
1,42,14,2,1,1,39
1,42,14,3,1,1,11
1,42,14,3,1,1,28
1,42,14,3,5,1,18
1,42,14,1,5,1,8
1,42,14,3,5,1,24
1,42,14,2,1,1,20
1,42,14,3,10,1,33
1,42,14,3,5,1,15
1,42,14,3,1,1,24
1,42,14,3,5,1,11
2,52,13,3,2,1,30
2,52,13,3,1,1,18
2,52,13,1,10,1,3
2,52,13,2,1,1,10
2,52,13,1,5,1,15
2,52,13,1,5,1,14
2,52,13,1,1,1,25
2,52,13,1,5,1,9
2,52,13,3,2,1,20
2,52,13,1,1,1,4
2,52,13,3,1,1,12
2,52,13,3,5,1,43
2,52,13,3,1,1,27
2,52,13,3,1,1,16
2,52,13,3,5,1,6
2,52,13,3,10,1,11
2,52,13,3,10,1,13
2,52,13,3,8,1,23
2,52,13,1,11,1,32
2,52,13,3,5,1,14
2,52,13,3,7,1,23
2,52,13,1,11,1,11
2,52,13,1,5,1,4
2,52,13,3,7,1,36
2,52,13,1,11,1,11
2,52,13,2,1,1,25
2,52,13,3,1,1,9
2,52,13,2,1,1,30
2,52,13,3,5,1,5
2,52,13,1,9,1,14
2,52,13,3,1,1,18
2,52,13,2,1,1,15
2,52,13,3,1,1,1
2,52,13,3,1,1,32
2,52,13,1,6,1,27
2,52,13,3,2,1,13
3,52,16,3,5,1,3
3,52,16,3,5,1,22
3,52,16,1,10,1,13
3,52,16,3,9,1,34
3,52,16,1,1,1,10
3,52,16,3,11,1,36
3,52,16,3,1,1,21
3,52,16,3,11,1,17
3,52,16,1,11,1,1
3,52,16,1,1,1,20
3,52,16,3,7,1,21
3,52,16,2,1,1,3
3,52,16,3,8,1,29
3,52,16,1,1,1,3
3,52,16,3,1,1,11
3,52,16,1,1,1,14
3,52,16,2,1,1,13
3,52,16,1,1,1,5
3,52,16,3,1,1,24
3,52,16,1,7,1,16
3,52,16,3,10,1,14
3,52,16,3,7,1,28
3,52,16,2,5,1,24
3,52,16,2,7,1,46
3,52,16,2,1,1,37
3,52,16,3,1,1,20
3,52,16,1,4,1,8
3,52,16,3,2,1,5
3,52,16,3,5,1,22
3,52,16,3,5,1,3
3,52,16,3,1,1,22
3,52,16,3,10,1,21
3,52,16,3,11,1,43
3,52,16,3,1,1,14
3,52,16,3,5,1,4
3,52,16,1,5,1,1
3,52,16,1,8,1,3
3,52,16,3,1,1,28
3,52,16,1,1,1,8
3,52,16,3,10,1,19
3,52,16,3,1,1,30
3,52,16,3,5,1,20
3,52,16,3,1,1,5
3,52,16,2,5,1,55
3,52,16,3,5,1,22
3,52,16,3,5,1,10
3,52,16,3,5,1,21
3,52,16,1,5,1,30
3,52,16,3,1,1,13
3,52,16,3,11,1,4
3,52,16,3,1,1,25
3,52,16,3,1,1,39
1,34,17,3,5,1,20
1,34,17,3,1,1,13
1,34,17,3,5,1,25
1,34,17,2,1,1,26
1,34,17,1,1,1,6
1,34,17,3,5,1,3
1,34,17,3,1,1,1
1,34,17,3,5,1,22
1,34,17,2,1,1,35
1,34,17,3,1,1,3
1,34,17,3,1,1,28
1,34,17,2,7,1,53
1,34,17,3,5,1,23
1,34,17,3,1,1,28
1,34,17,2,1,1,45
1,34,17,1,5,1,12
1,34,17,1,11,1,17
1,34,17,2,1,1,53
1,34,17,2,7,1,59
1,34,17,3,1,1,3
1,34,17,2,2,1,33
1,34,17,1,1,1,4
1,34,17,3,7,1,19
1,34,17,1,5,1,12
1,34,17,3,1,1,37
1,34,17,3,9,1,54
1,34,17,3,1,1,7
1,34,17,2,1,1,40
1,34,17,1,5,1,4
1,34,17,3,1,1,23
1,34,17,1,5,1,19
1,34,17,1,3,1,11
1,34,17,1,1,1,1
1,34,17,3,1,1,30
1,34,17,2,1,1,23
1,34,17,2,1,1,43
1,34,17,2,1,1,60
1,34,17,3,11,1,20
1,34,17,3,1,1,28
1,34,17,2,1,1,45
1,34,17,3,2,1,25
1,34,17,3,5,1,33
1,34,17,3,1,1,3
1,34,17,1,1,1,4
1,34,17,3,1,1,15
1,34,17,3,1,1,13
1,34,17,2,1,1,32
1,34,17,1,7,1,27
1,34,17,1,1,1,5
1,34,17,2,5,1,51
1,34,17,3,1,1,24
1,34,17,3,11,1,19
1,34,17,3,1,1,7
1,34,17,2,2,1,37
1,34,17,1,7,1,27
1,34,17,3,1,1,2
1,34,17,3,1,1,32
1,34,17,1,1,1,14
1,34,17,3,11,1,11
1,34,17,3,1,1,26
1,34,17,3,8,1,31
1,34,17,3,5,1,28
1,34,17,3,1,1,15
1,34,17,3,1,1,7
2,50,27,3,8,1,25
2,50,27,3,1,1,18
2,50,27,3,1,1,12
2,50,27,2,1,1,44
2,50,27,2,1,1,15
2,50,27,3,1,1,14
2,50,27,3,1,1,10
2,50,27,3,1,1,27
2,50,27,3,1,1,20
2,50,27,2,1,1,33
2,50,27,3,8,1,16
2,50,27,3,1,1,22
2,50,27,3,5,1,19
2,50,27,3,2,1,12
2,50,27,3,1,1,19
2,50,27,2,11,1,11
2,50,27,3,2,1,20
2,50,27,1,7,1,31
2,50,27,1,1,1,11
2,50,27,2,2,1,24
2,50,27,3,1,1,19
2,50,27,2,11,1,24
2,50,27,2,1,1,16
2,50,27,3,8,1,13
2,50,27,2,1,1,44
2,50,27,1,5,1,5
2,50,27,3,1,1,15
2,50,27,3,1,1,13
2,50,27,3,7,1,27
2,50,27,1,5,1,10
2,50,27,3,1,1,23
2,50,27,3,1,1,18
2,50,27,3,1,1,19
2,50,27,3,5,1,10
2,50,27,3,11,1,26
2,50,27,2,1,1,33
2,50,27,1,5,1,26
2,50,27,3,1,1,15
2,50,27,1,1,1,15
2,50,27,2,1,1,39
2,50,27,3,8,1,46
2,50,27,3,1,1,10
2,50,27,2,6,1,49
2,50,27,2,2,1,40
2,50,27,1,9,1,3
2,50,27,2,1,1,36
2,50,27,3,10,1,13
2,50,27,3,1,1,10
2,50,27,2,7,1,45
2,50,27,2,11,1,34
2,50,27,2,1,1,37
2,50,27,2,1,1,39
2,50,27,3,1,1,8
2,50,27,3,5,1,15
2,50,27,1,5,1,7
2,50,27,1,8,1,20
2,50,27,2,2,1,24
2,50,27,2,11,1,17
2,50,27,2,1,1,40
3,50,18,3,1,1,41
3,50,18,3,1,1,15
3,50,18,3,5,1,14
3,50,18,3,1,1,47
3,50,18,3,1,1,19
3,50,18,1,5,1,22
3,50,18,3,5,1,12
3,50,18,1,5,1,14
3,50,18,3,5,1,21
3,50,18,1,1,1,6
3,50,18,3,1,1,7
3,50,18,3,5,1,25
3,50,18,1,5,1,6
3,50,18,3,1,1,34
3,50,18,3,5,1,6
3,50,18,3,1,1,9
3,50,18,3,5,1,15
3,50,18,3,1,1,25
3,50,18,3,7,1,63
3,50,18,2,1,1,40
3,50,18,2,1,1,36
3,50,18,3,5,1,18
3,50,18,3,1,1,48
3,50,18,3,1,1,14
3,50,18,2,2,1,50
3,50,18,3,5,1,12
3,50,18,2,1,1,47
3,50,18,3,5,1,20
3,50,18,3,1,1,14
3,50,18,2,1,1,16
3,50,18,1,5,1,12
3,50,18,1,5,1,3
3,50,18,3,1,1,3
3,50,18,3,1,1,11
3,50,18,3,1,1,25
3,50,18,3,1,1,7
3,50,18,3,1,1,17
3,50,18,1,5,1,14
3,50,18,2,1,1,30
3,50,18,3,1,1,4
3,50,18,3,5,1,16
3,50,18,1,5,1,3
3,50,18,3,1,1,11
3,50,18,3,5,1,16
3,50,18,2,1,1,24
3,50,18,3,1,1,37
3,50,18,3,5,1,25
3,50,18,1,1,1,2
3,50,18,1,1,1,4
3,50,18,3,5,1,30
3,50,18,3,1,1,17
3,50,18,3,5,1,23
3,50,18,2,1,1,12
3,40,21,3,2,1,20
3,40,21,3,1,1,8
3,40,21,3,1,1,22
3,40,21,2,1,1,25
3,40,21,2,1,1,22
3,40,21,2,11,1,27
3,40,21,2,1,1,22
3,40,21,3,11,1,10
3,40,21,2,1,1,25
3,40,21,2,1,1,25
3,40,21,3,5,1,18
3,40,21,2,1,1,27
3,40,21,2,1,1,40
3,40,21,2,1,1,24
3,40,21,2,1,1,29
3,40,21,3,5,1,24
3,40,21,3,1,1,12
3,40,21,3,5,1,7
3,40,21,3,2,1,22
3,40,21,3,5,1,17
3,40,21,3,5,1,12
3,40,21,2,1,1,32
3,40,21,3,5,1,10
3,40,21,3,11,1,4
3,40,21,3,1,1,16
3,40,21,3,5,1,15
3,40,21,3,1,1,4
3,40,21,3,1,1,4
3,40,21,3,1,1,4
3,40,21,2,1,1,14
3,40,21,1,1,1,24
3,40,21,3,8,1,25
3,40,21,3,5,1,29
3,40,21,1,5,1,6
3,40,21,3,1,1,26
3,40,21,3,1,1,1
3,40,21,3,1,1,13
3,40,21,2,6,1,18
3,40,21,1,5,1,8
3,40,21,3,1,1,42
3,40,21,3,1,1,14
3,40,21,2,1,1,35
3,40,21,1,3,1,21
3,40,21,2,5,1,22
3,40,21,1,5,1,5
3,40,21,3,11,1,4
1,45,15,3,6,1,20
1,45,15,1,2,1,30
1,45,15,1,10,1,4
1,45,15,2,1,1,13
1,45,15,3,1,1,20
1,45,15,3,1,1,21
1,45,15,3,5,1,12
1,45,15,1,6,1,8
1,45,15,2,1,1,14
1,45,15,1,1,1,2
1,45,15,1,6,1,5
1,45,15,3,1,1,23
1,45,15,3,4,1,19
1,45,15,2,1,1,5
1,45,15,3,5,1,24
1,45,15,1,5,1,4
1,45,15,3,11,1,14
1,45,15,3,11,1,23
1,45,15,3,1,1,18
1,45,15,3,5,1,7
1,45,15,3,1,1,6
1,45,15,1,5,1,7
1,45,15,3,1,1,18
1,45,15,1,6,1,3
1,45,15,3,1,1,25
1,45,15,1,5,1,18
1,45,15,1,2,1,4
1,45,15,1,1,1,12
1,45,15,3,1,1,24
1,45,15,1,4,1,7
1,45,15,3,5,1,16
1,45,15,3,1,1,17
1,45,15,3,1,1,2
1,45,15,1,5,1,13
1,45,15,1,4,1,16
1,45,15,3,1,1,16
1,45,15,3,1,1,31
1,45,15,2,1,1,17
1,45,15,2,1,1,29
1,45,15,3,1,1,5
1,45,15,1,10,1,5
1,45,15,1,1,1,4
1,45,15,3,6,1,4
1,45,15,3,5,1,18
1,45,15,1,1,1,13
1,45,15,1,5,1,6
1,45,15,2,1,1,6
2,67,13,2,1,1,16
2,67,13,1,1,1,15
2,67,13,3,5,1,29
2,67,13,2,6,1,47
2,67,13,3,1,1,21
2,67,13,3,1,1,10
2,67,13,2,1,1,10
2,67,13,1,5,1,4
2,67,13,2,7,1,30
2,67,13,3,1,1,1
2,67,13,1,1,1,19
2,67,13,1,5,1,10
2,67,13,3,6,1,29
2,67,13,1,8,1,12
2,67,13,1,10,1,8
2,67,13,3,6,1,8
2,67,13,3,5,1,29
2,67,13,3,1,1,16
2,67,13,3,1,1,21
2,67,13,3,1,1,16
2,67,13,1,7,1,14
2,67,13,1,1,1,2
2,67,13,1,10,1,13
2,67,13,2,7,1,13
2,67,13,3,5,1,22
2,67,13,3,5,1,1
2,67,13,3,1,1,13
2,67,13,2,5,1,42
2,67,13,3,7,1,19
2,67,13,2,8,1,37
2,67,13,1,6,1,8
2,67,13,2,1,1,13
2,67,13,1,1,1,4
2,67,13,3,1,1,9
2,67,13,3,1,1,4
2,67,13,3,1,1,6
2,67,13,2,1,1,11
2,67,13,2,1,1,19
2,67,13,3,1,1,28
2,67,13,2,5,1,33
2,67,13,3,1,1,13
2,67,13,2,9,1,39
2,67,13,1,7,1,11
2,67,13,3,9,1,4
1,25,27,1,1,1,9
1,25,27,2,1,1,37
1,25,27,2,1,1,11
1,25,27,3,1,1,21
1,25,27,3,1,1,17
1,25,27,1,1,1,2
1,25,27,3,11,1,15
1,25,27,2,1,1,17
1,25,27,3,1,1,16
1,25,27,3,1,1,8
1,25,27,2,1,1,15
1,25,27,2,1,1,31
1,25,27,2,5,1,35
1,25,27,1,1,1,21
1,25,27,3,1,1,18
1,25,27,2,1,1,27
1,25,27,2,1,1,23
1,25,27,1,1,1,8
1,25,27,3,1,1,5
1,25,27,2,1,1,1
1,25,27,3,5,1,16
1,25,27,2,1,1,11
1,25,27,1,1,1,3
1,25,27,3,1,1,10
2,43,28,2,1,1,23
2,43,28,3,1,1,22
2,43,28,3,1,1,21
2,43,28,3,1,1,24
2,43,28,3,1,1,16
2,43,28,3,1,1,32
2,43,28,2,1,1,38
2,43,28,3,1,1,16
2,43,28,2,2,1,25
2,43,28,2,1,1,28
2,43,28,1,1,1,33
2,43,28,2,1,1,16
2,43,28,3,1,1,25
2,43,28,3,1,1,27
2,43,28,3,1,1,12
2,43,28,3,1,1,5
2,43,28,1,1,1,2
2,43,28,2,1,1,24
2,43,28,3,1,1,11
3,43,24,1,1,1,8
3,43,24,1,5,1,9
3,43,24,3,1,1,23
3,43,24,1,1,1,7
3,43,24,3,1,1,6
3,43,24,2,1,1,28
3,43,24,1,1,1,9
3,43,24,3,1,1,53
3,43,24,1,1,1,7
3,43,24,3,11,1,3
3,43,24,2,1,1,17
3,43,24,2,1,1,27
3,43,24,3,1,1,14
3,43,24,2,1,1,43
3,43,24,1,1,1,2
3,43,24,2,1,1,23
3,43,24,3,1,1,30
3,43,24,1,1,1,21
3,43,24,3,1,1,9
3,43,24,3,1,1,25
3,43,24,2,1,1,29
3,43,24,3,1,1,9
3,43,24,1,1,1,6
3,43,24,3,1,1,16
3,43,24,3,7,1,18
3,43,24,1,1,1,9
3,43,24,2,5,1,26
3,43,24,2,1,1,10
3,43,24,1,1,1,5
3,43,24,3,1,1,14
3,43,24,3,1,1,3
3,43,24,2,1,1,15
3,43,24,3,5,1,22
2,46,20,2,1,3,2
2,46,20,1,1,3,1
2,46,20,3,1,3,10
2,46,20,2,5,3,14
2,46,20,3,1,3,6
2,46,20,3,1,3,2
2,46,20,3,5,3,14
2,46,20,3,11,3,14
2,46,20,1,11,3,11
2,46,20,1,1,3,7
2,46,20,2,1,3,15
2,46,20,2,5,3,6
2,46,20,2,11,3,37
2,46,20,3,1,3,20
2,46,20,3,1,3,4
2,46,20,3,11,3,5
2,46,20,1,1,3,1
2,46,20,3,11,3,8
2,46,20,2,1,3,13
2,46,20,2,1,3,7
2,46,20,3,1,3,13
2,46,20,2,1,3,15
2,46,20,3,5,3,13
3,46,22,3,1,3,3
3,46,22,1,1,3,9
3,46,22,3,1,3,2
3,46,22,1,1,3,2
3,46,22,2,1,3,18
3,46,22,3,1,3,29
3,46,22,2,1,3,27
3,46,22,2,1,3,44
3,46,22,2,1,3,45
3,46,22,3,1,3,2
3,46,22,3,1,3,6
3,46,22,2,1,3,24
3,46,22,1,1,3,7
3,46,22,3,11,3,13
3,46,22,3,5,3,26
3,46,22,2,1,3,37
3,46,22,3,6,3,16
3,46,22,2,11,3,50
3,46,22,1,5,3,13
3,46,22,3,1,3,29
3,46,22,3,11,3,20
3,46,22,3,5,3,15
3,46,22,3,5,3,16
3,46,22,3,1,3,18
3,46,22,3,1,3,3
3,46,22,3,1,3,32
3,46,22,3,1,3,9
3,46,22,3,5,3,4
3,46,22,2,1,3,25
3,46,22,3,1,3,10
3,46,22,1,1,3,6
3,46,22,3,1,3,27
3,46,22,3,1,3,19
3,46,22,2,1,3,40
1,36,31,3,11,3,42
1,36,31,2,11,3,2
1,36,31,2,1,3,50
1,36,31,2,1,3,48
1,36,31,2,2,3,22
1,36,31,3,1,3,5
1,36,31,3,2,3,16
1,36,31,3,1,3,26
1,36,31,2,2,3,19
1,36,31,1,2,3,4
1,36,31,3,2,3,19
1,36,31,2,5,3,49
1,36,31,1,1,3,8
1,36,31,3,11,3,10
1,36,31,3,1,3,7
1,36,31,3,1,3,1
1,36,31,1,9,3,8
1,36,31,3,5,3,21
1,36,31,3,2,3,15
1,36,31,2,1,3,28
1,36,31,3,1,3,3
1,36,31,3,5,3,18
1,36,31,3,1,3,3
1,36,31,3,1,3,9
1,36,31,2,11,3,31
1,36,31,2,1,3,28
1,36,31,2,1,3,17
1,36,31,2,1,3,23
1,36,31,3,1,3,6
1,36,31,2,5,3,17
1,36,31,3,11,3,19
1,36,31,1,5,3,11
1,36,31,3,1,3,17
1,36,31,1,2,3,4
1,36,31,2,1,3,51
1,36,31,3,1,3,11
1,36,31,2,1,3,17
1,36,31,3,1,3,21
1,36,31,2,5,3,25
1,36,31,3,1,3,5
1,36,31,2,1,3,11
1,36,31,2,2,3,45
1,36,31,3,1,3,12
1,36,31,3,1,3,16
1,36,31,2,1,3,32
1,36,31,3,1,3,22
1,36,31,3,5,3,20
1,36,31,3,1,3,18
1,36,31,3,1,3,34
1,36,31,1,1,3,6
1,36,31,3,2,3,23
1,36,31,3,1,3,20
1,36,31,2,1,3,20
1,36,31,3,1,3,16
1,36,31,3,1,3,15
1,36,31,2,1,3,45
1,36,31,2,1,3,45
1,36,31,3,1,3,13
1,36,31,1,2,3,21
1,36,31,1,1,3,5
2,48,23,2,1,3,36
2,48,23,3,1,3,20
2,48,23,2,2,3,26
2,48,23,2,1,3,40
2,48,23,1,5,3,8
2,48,23,2,9,3,23
2,48,23,1,5,3,13
2,48,23,3,11,3,8
2,48,23,2,1,3,43
2,48,23,3,5,3,34
2,48,23,2,1,3,22
2,48,23,3,1,3,13
2,48,23,1,5,3,11
2,48,23,2,1,3,26
2,48,23,3,5,3,19
2,48,23,3,1,3,20
2,48,23,2,1,3,26
2,48,23,3,1,3,25
2,48,23,3,8,3,9
2,48,23,2,11,3,22
2,48,23,1,5,3,5
2,48,23,2,1,3,34
2,48,23,3,1,3,9
2,48,23,3,1,3,7
2,48,23,1,11,3,17
2,48,23,1,5,3,16
2,48,23,3,2,3,20
2,48,23,3,1,3,8
2,48,23,1,1,3,8
2,48,23,2,1,3,23
2,48,23,3,1,3,6
2,48,23,1,1,3,6
2,48,23,3,5,3,5
2,48,23,3,11,3,30
2,48,23,3,1,3,14
2,48,23,3,1,3,11
2,48,23,1,9,3,20
2,48,23,3,5,3,25
2,48,23,3,1,3,8
2,48,23,3,1,3,12
2,48,23,3,1,3,17
2,48,23,3,5,3,30
2,48,23,3,1,3,5
2,48,23,3,5,3,13
2,48,23,3,5,3,6
2,48,23,3,2,3,14
2,48,23,3,1,3,21
3,48,28,2,5,3,31
3,48,28,3,5,3,11
3,48,28,2,1,3,22
3,48,28,3,5,3,8
3,48,28,3,1,3,23
3,48,28,3,1,3,14
3,48,28,3,1,3,15
3,48,28,2,1,3,30
3,48,28,3,1,3,26
3,48,28,2,1,3,27
3,48,28,2,1,3,18
3,48,28,3,1,3,5
3,48,28,3,1,3,13
3,48,28,2,1,3,33
3,48,28,1,1,3,4
3,48,28,3,11,3,40
3,48,28,2,1,3,10
3,48,28,1,5,3,16
3,48,28,1,1,3,9
3,48,28,2,1,3,25
3,48,28,2,1,3,34
3,48,28,2,11,3,18
3,48,28,2,5,3,31
3,48,28,2,5,3,34
3,48,28,3,2,3,20
3,48,28,3,1,3,12
3,48,28,3,11,3,1
3,48,28,3,1,3,27
3,48,28,2,1,3,34
3,48,28,3,1,3,5
3,48,28,2,5,3,32
3,48,28,2,1,3,11
3,48,28,3,1,3,22
3,48,28,3,1,3,31
3,48,28,2,2,3,22
3,48,28,2,5,3,37
3,48,28,3,1,3,29
3,48,28,3,11,3,23
3,48,28,3,1,3,19
3,48,28,3,1,3,14
3,48,28,3,1,3,15
3,48,28,2,11,3,38
3,48,28,1,1,3,20
3,48,28,3,5,3,3
1,16,38,2,1,3,16
1,16,38,3,1,3,32
1,16,38,3,5,3,17
1,16,38,2,5,3,40
1,16,38,3,1,3,26
1,16,38,3,1,3,28
1,16,38,3,1,3,29
1,16,38,2,2,3,47
1,16,38,2,1,3,24
1,16,38,3,1,3,18
1,16,38,3,1,3,26
1,16,38,2,1,3,42
1,16,38,3,1,3,16
1,16,38,3,1,3,14
1,16,38,1,1,3,3
1,16,38,3,1,3,21
1,16,38,2,1,3,21
1,16,38,2,11,3,20
1,16,38,3,7,3,11
1,16,38,3,1,3,16
1,16,38,3,1,3,16
1,16,38,2,1,3,35
1,16,38,2,1,3,40
1,16,38,2,1,3,26
1,16,38,3,1,3,11
1,16,38,2,5,3,18
1,16,38,2,1,3,9
1,16,38,3,2,3,28
1,16,38,3,1,3,11
1,16,38,3,7,3,16
1,16,38,3,1,3,16
1,16,38,2,1,3,21
1,16,38,2,1,3,16
1,16,38,3,1,3,14
1,16,38,2,1,3,13
1,16,38,2,1,3,23
1,16,38,2,1,3,18
1,16,38,3,11,3,30
1,16,38,3,1,3,17
1,16,38,1,11,3,21
1,16,38,3,1,3,15
1,16,38,3,1,3,26
1,16,38,3,11,3,18
1,16,38,3,1,3,12
1,16,38,2,1,3,26
1,16,38,3,1,3,16
1,16,38,3,1,3,13
1,16,38,3,8,3,19
1,16,38,2,1,3,23
1,16,38,3,1,3,18
1,16,38,2,1,3,8
2,29,43,2,1,3,13
2,29,43,2,1,3,27
2,29,43,2,1,3,15
2,29,43,2,1,3,35
2,29,43,3,1,3,7
2,29,43,3,7,3,29
2,29,43,3,1,3,13
2,29,43,3,1,3,23
2,29,43,3,11,3,12
2,29,43,2,1,3,23
2,29,43,2,1,3,39
2,29,43,3,1,3,32
2,29,43,3,11,3,15
2,29,43,2,5,3,27
2,29,43,3,1,3,15
2,29,43,1,1,3,16
2,29,43,2,5,3,19
2,29,43,3,2,3,27
2,29,43,3,1,3,7
2,29,43,2,1,3,46
2,29,43,3,1,3,10
2,29,43,2,1,3,28
2,29,43,1,1,3,15
2,29,43,3,1,3,8
2,29,43,3,11,3,10
2,29,43,3,1,3,27
2,29,43,3,1,3,23
2,29,43,3,11,3,5
2,29,43,1,1,3,26
2,29,43,3,1,3,10
2,29,43,2,1,3,20
2,29,43,2,1,3,36
2,29,43,3,1,3,4
2,29,43,2,11,3,40
2,29,43,2,1,3,32
2,29,43,3,1,3,10
2,29,43,2,1,3,36
2,29,43,3,1,3,11
2,29,43,3,1,3,4
2,29,43,2,1,3,28
2,29,43,2,1,3,18
2,29,43,3,1,3,29
2,29,43,2,1,3,23
2,29,43,3,1,3,25
2,29,43,3,1,3,17
2,29,43,2,11,3,47
2,29,43,2,1,3,14
2,29,43,3,1,3,10
2,29,43,3,11,3,23
2,29,43,3,1,3,27
2,29,43,2,1,3,20
2,29,43,3,1,3,14
2,29,43,2,1,3,9
2,29,43,1,5,3,12
3,29,33,2,11,3,35
3,29,33,3,11,3,26
3,29,33,1,5,3,17
3,29,33,3,1,3,19
3,29,33,3,11,3,27
3,29,33,3,9,3,17
3,29,33,3,9,3,35
3,29,33,3,1,3,25
3,29,33,2,1,3,28
3,29,33,3,1,3,15
3,29,33,3,2,3,23
3,29,33,2,1,3,43
3,29,33,1,5,3,6
3,29,33,3,11,3,12
3,29,33,3,1,3,32
3,29,33,3,11,3,12
3,29,33,3,11,3,9
3,29,33,3,1,3,7
3,29,33,3,1,3,15
3,29,33,2,1,3,37
3,29,33,2,1,3,37
3,29,33,2,1,3,20
3,29,33,3,1,3,17
3,29,33,1,2,3,6
3,29,33,3,1,3,35
3,29,33,3,2,3,18
3,29,33,3,11,3,28
3,29,33,1,9,3,32
3,29,33,2,1,3,18
3,29,33,2,1,3,38
3,29,33,1,11,3,4
3,29,33,2,1,3,30
3,29,33,3,2,3,24
3,29,33,1,1,3,11
3,29,33,3,5,3,7
3,29,33,2,1,3,25
3,29,33,2,11,3,35
3,29,33,3,1,3,35
3,29,33,3,1,3,16
3,29,33,3,1,3,24
3,29,33,3,11,3,26
3,29,33,2,1,3,29
3,29,33,2,1,3,7
3,29,33,2,1,3,19
3,29,33,1,5,3,11
3,29,33,3,1,3,12
3,29,33,2,1,3,6
3,29,33,2,1,3,52
3,29,33,1,1,3,4
3,29,33,2,1,3,59
3,29,33,2,1,3,38
3,29,33,3,1,3,37
3,29,33,2,1,3,36
3,29,33,1,1,3,22
3,29,33,2,1,3,25
3,29,33,2,1,3,22
3,29,33,2,1,3,32
3,29,33,3,1,3,20
1,33,24,3,5,1,21
1,33,24,1,5,1,18
1,33,24,3,1,1,19
1,33,24,3,5,1,8
1,33,24,3,5,1,21
1,33,24,2,1,1,34
1,33,24,3,5,1,11
1,33,24,3,1,1,17
1,33,24,1,5,1,14
1,33,24,2,5,1,29
1,33,24,3,1,1,13
1,33,24,2,7,1,32
1,33,24,2,8,1,46
1,33,24,3,5,1,24
1,33,24,3,11,1,19
1,33,24,1,1,1,6
1,33,24,3,5,1,15
1,33,24,2,7,1,51
1,33,24,3,5,1,18
1,33,24,3,1,1,21
1,33,24,1,5,1,15
1,33,24,1,5,1,3
1,33,24,3,5,1,28
1,33,24,1,1,1,11
1,33,24,1,5,1,6
1,33,24,3,5,1,13
1,33,24,2,1,1,17
1,33,24,2,1,1,59
1,33,24,2,1,1,4
1,33,24,3,10,1,10
1,33,24,3,5,1,17
1,33,24,3,1,1,17
1,33,24,2,1,1,29
1,33,24,3,5,1,21
1,33,24,3,1,1,5
1,33,24,2,2,1,17
1,33,24,3,5,1,16
1,33,24,3,1,1,18
1,33,24,2,1,1,40
1,33,24,3,1,1,26
1,33,24,1,5,1,7
1,33,24,2,7,1,31
1,33,24,3,5,1,14
1,56,15,3,4,1,10
1,56,15,2,8,1,45
1,56,15,2,1,1,9
1,56,15,1,4,1,5
1,56,15,2,5,1,26
1,56,15,2,8,1,56
1,56,15,2,1,1,24
1,56,15,3,5,1,11
1,56,15,3,1,1,11
1,56,15,2,5,1,54
1,56,15,1,4,1,35
1,56,15,1,1,1,3
1,56,15,2,1,1,40
1,56,15,3,4,1,10
1,56,15,3,1,1,27
1,56,15,2,1,1,18
1,56,15,1,4,1,6
1,56,15,2,1,1,37
1,56,15,3,1,1,29
1,56,15,1,4,1,19
1,56,15,3,1,1,12
1,56,15,2,1,1,25
1,56,15,3,1,1,10
1,56,15,2,1,1,31
1,56,15,3,4,1,34
1,56,15,3,4,1,23
1,56,15,2,1,1,32
1,56,15,1,4,1,12
1,56,15,2,1,1,35
1,56,15,3,11,1,8
1,56,15,1,10,1,1
1,56,15,2,1,1,8
1,56,15,3,1,1,10
1,56,15,3,1,1,38
1,56,15,3,1,1,30
1,56,15,3,1,1,7
1,56,15,1,4,1,6
1,56,15,1,4,1,1
1,56,15,2,1,1,28
1,56,15,1,1,1,7
1,56,15,3,1,1,17
1,56,15,3,1,1,48
1,56,15,3,1,1,8
1,56,15,3,1,1,10
1,56,15,2,1,1,33
1,56,15,1,4,1,3
1,56,15,1,4,1,30
1,56,15,2,1,1,27
1,56,15,3,1,1,16
1,56,15,1,4,1,29
1,56,15,1,4,1,6
1,56,15,2,1,1,27
1,56,15,2,1,1,17
1,56,15,3,1,1,23
1,56,15,3,2,1,19
1,56,15,3,1,1,21
1,56,15,3,1,1,8
1,56,15,3,4,1,26
1,56,15,2,1,1,4
1,56,15,1,4,1,35
1,56,15,3,4,1,14
1,56,15,3,4,1,45
1,56,15,3,4,1,39
1,56,15,3,4,1,52
1,56,15,3,4,1,19
1,56,15,3,1,1,30
1,56,15,1,4,1,6
1,56,15,3,4,1,16
1,56,15,1,4,1,8
1,56,15,3,4,1,22
1,56,15,3,1,1,24
1,56,15,2,1,1,30
1,56,15,3,1,1,19
1,56,15,1,1,1,2
1,56,15,3,1,1,40
2,75,14,1,1,1,4
2,75,14,3,1,1,31
2,75,14,2,4,1,27
2,75,14,3,1,1,18
2,75,14,2,1,1,15
2,75,14,2,1,1,29
2,75,14,2,1,1,33
2,75,14,3,1,1,24
2,75,14,3,1,1,3
2,75,14,1,4,1,17
2,75,14,2,1,1,66
2,75,14,1,4,1,27
2,75,14,3,4,1,17
2,75,14,3,4,1,29
2,75,14,2,1,1,31
2,75,14,1,1,1,2
2,75,14,1,4,1,13
2,75,14,1,4,1,2
2,75,14,3,8,1,45
2,75,14,3,1,1,4
2,75,14,3,4,1,53
2,75,14,2,1,1,45
2,75,14,1,6,1,4
2,75,14,3,4,1,24
2,75,14,2,1,1,31
2,75,14,1,4,1,15
2,75,14,1,4,1,4
2,75,14,1,4,1,6
2,75,14,3,1,1,41
2,75,14,3,1,1,10
2,75,14,1,8,1,20
2,75,14,3,2,1,7
2,75,14,1,4,1,24
2,75,14,2,1,1,57
2,75,14,3,2,1,22
2,75,14,1,1,1,11
2,75,14,3,1,1,23
2,75,14,1,4,1,9
2,75,14,3,1,1,28
2,75,14,3,1,1,29
2,75,14,3,7,1,9
2,75,14,3,4,1,49
2,75,14,3,1,1,17
2,75,14,1,4,1,31
2,75,14,1,4,1,14
2,75,14,1,4,1,22
2,75,14,1,4,1,61
2,75,14,3,4,1,4
2,75,14,3,1,1,6
3,75,11,3,4,1,37
3,75,11,1,11,1,11
3,75,11,2,4,1,20
3,75,11,3,1,1,7
3,75,11,3,1,1,33
3,75,11,3,1,1,19
3,75,11,2,1,1,27
3,75,11,1,4,1,17
3,75,11,3,1,1,26
3,75,11,3,1,1,6
3,75,11,2,4,1,12
3,75,11,3,1,1,14
3,75,11,3,8,1,14
3,75,11,3,1,1,31
3,75,11,3,8,1,41
3,75,11,3,2,1,11
3,75,11,1,9,1,47
3,75,11,1,8,1,4
3,75,11,3,1,1,4
3,75,11,3,11,1,3
3,75,11,3,1,1,14
3,75,11,3,11,1,26
3,75,11,3,1,1,37
3,75,11,3,4,1,9
3,75,11,3,9,1,22
3,75,11,1,4,1,23
3,75,11,1,4,1,10
3,75,11,3,1,1,27
3,75,11,2,3,1,56
3,75,11,2,11,1,4
3,75,11,3,4,1,5
2,53,9,1,5,1,13
2,53,9,1,5,1,11
2,53,9,1,11,1,11
2,53,9,3,5,1,5
2,53,9,1,5,1,2
2,53,9,3,5,1,12
2,53,9,1,5,1,10
2,53,9,3,5,1,23
2,53,9,1,8,1,6
2,53,9,3,4,1,8
2,53,9,3,6,1,29
2,53,9,1,5,1,16
2,53,9,1,8,1,21
2,53,9,1,5,1,1
2,53,9,3,1,1,13
2,53,9,3,3,1,14
2,53,9,1,7,1,3
2,53,9,2,8,1,29
2,53,9,1,8,1,32
2,53,9,3,1,1,10
2,53,9,1,1,1,5
2,53,9,3,5,1,4
2,53,9,3,1,1,20
2,53,9,1,5,1,5
2,53,9,3,1,1,19
2,53,9,2,4,1,8
2,53,9,1,8,1,9
2,53,9,2,8,1,25
2,53,9,1,7,1,7
2,53,9,3,1,1,15
2,53,9,3,1,1,11
2,53,9,1,6,1,4
2,53,9,1,2,1,12
2,53,9,3,8,1,27
2,53,9,3,8,1,18
2,53,9,1,5,1,8
2,53,9,2,5,1,23
2,53,9,1,5,1,15
2,53,9,3,8,1,19
2,53,9,3,5,1,9
2,53,9,1,5,1,2
2,53,9,3,8,1,32
2,53,9,2,10,1,35
2,53,9,3,1,1,19
2,53,9,3,5,1,2
2,53,9,3,1,1,16
2,53,9,2,5,1,7
2,53,9,2,5,1,34
2,53,9,1,7,1,16
2,53,9,3,5,1,1
2,53,9,3,8,1,47
2,53,9,1,5,1,18
2,53,9,1,8,1,8
2,53,9,1,5,1,7
2,53,9,1,1,1,3
2,53,9,3,5,1,5
2,53,9,3,10,1,14
2,53,9,3,5,1,14
2,53,9,3,5,1,35
2,53,9,1,5,1,5
2,53,9,3,8,1,32
2,53,9,1,8,1,13
2,53,9,3,11,1,14
2,53,9,3,3,1,14
2,53,9,3,5,1,8
2,53,9,3,5,1,23
2,53,9,1,7,1,32
3,53,9,3,1,1,18
3,53,9,3,5,1,6
3,53,9,1,5,1,12
3,53,9,3,6,1,8
3,53,9,1,8,1,6
3,53,9,3,1,1,2
3,53,9,3,1,1,29
3,53,9,3,1,1,40
3,53,9,1,1,1,13
3,53,9,3,5,1,1
3,53,9,2,11,1,18
3,53,9,3,7,1,11
3,53,9,2,1,1,31
3,53,9,1,1,1,8
3,53,9,1,5,1,4
3,53,9,2,5,1,29
3,53,9,1,1,1,1
3,53,9,3,5,1,8
3,53,9,3,1,1,14
3,53,9,3,5,1,4
3,53,9,1,1,1,8
3,53,9,1,5,1,6
3,53,9,3,5,1,7
3,53,9,3,1,1,21
3,53,9,1,6,1,2
3,53,9,2,1,1,24
3,53,9,3,5,1,9
3,53,9,3,1,1,47
3,53,9,3,1,1,14
3,53,9,3,5,1,9
3,53,9,2,5,1,30
3,53,9,2,1,1,27
3,53,9,2,2,1,40
3,53,9,1,5,1,9
3,53,9,1,5,1,6
3,53,9,2,5,1,38
3,53,9,3,5,1,27
3,53,9,2,1,1,24
3,53,9,3,1,1,21
3,53,9,3,5,1,21
3,53,9,1,10,1,13
3,53,9,3,11,1,6
3,53,9,3,2,1,33
3,53,9,3,5,1,17
3,53,9,3,5,1,13
3,53,9,3,10,1,19
3,53,9,3,8,1,28
3,53,9,3,1,1,8
1,34,21,1,1,1,17
1,34,21,3,11,1,23
1,34,21,3,5,1,3
1,34,21,2,1,1,30
1,34,21,3,1,1,22
1,34,21,3,1,1,17
1,34,21,2,5,1,9
1,34,21,3,6,1,14
1,34,21,2,1,1,33
1,34,21,1,11,1,25
1,34,21,1,5,1,4
1,34,21,3,5,1,4
1,34,21,2,1,1,26
1,34,21,3,1,1,6
1,34,21,1,1,1,1
1,34,21,3,1,1,11
1,34,21,3,1,1,32
1,34,21,2,1,1,20
1,34,21,1,2,1,29
1,34,21,2,1,1,4
1,34,21,2,1,1,17
1,34,21,1,10,1,14
1,34,21,1,1,1,8
1,34,21,1,5,1,5
1,34,21,1,1,1,7
1,34,21,3,5,1,15
1,34,21,1,5,1,6
1,34,21,1,5,1,9
1,34,21,2,9,1,23
1,34,21,2,5,1,20
1,34,21,3,6,1,40
1,34,21,3,1,1,30
1,34,21,3,5,1,7
1,34,21,3,5,1,13
1,34,21,2,5,1,24
1,34,21,3,5,1,12
1,34,21,3,5,1,1
1,34,21,3,1,1,24
1,34,21,3,2,1,43
1,34,21,3,1,1,2
1,34,21,3,5,1,1
1,34,21,2,1,1,35
1,34,21,3,1,1,12
1,34,21,2,5,1,29
1,34,21,1,5,1,5
1,34,21,2,11,1,47
1,34,21,3,5,1,12
1,34,21,2,1,1,33
1,34,21,1,11,1,19
1,34,21,3,5,1,22
1,34,21,3,1,1,6
1,34,21,1,5,1,3
1,34,21,3,1,1,20
1,34,21,1,11,1,1
1,34,21,1,5,1,14
1,34,21,1,5,1,2
1,34,21,3,11,1,9
1,34,21,2,1,1,35
1,34,21,3,1,1,12
1,34,21,3,1,1,2
1,34,21,3,1,1,3
1,34,21,3,5,1,15
1,34,21,2,5,1,13
1,34,21,2,1,1,6
1,34,21,2,1,1,9
1,34,21,3,2,1,18
3,37,14,3,1,1,6
3,37,14,3,5,1,2
3,37,14,1,5,1,1
3,37,14,3,2,1,22
3,37,14,2,1,1,11
3,37,14,3,7,1,23
3,37,14,1,1,1,16
3,37,14,3,5,1,31
3,37,14,3,5,1,9
3,37,14,3,1,1,6
3,37,14,3,1,1,34
3,37,14,1,5,1,5
3,37,14,3,5,1,5
3,37,14,1,1,1,28
3,37,14,3,5,1,3
3,37,14,3,11,1,16
3,37,14,3,5,1,18
3,37,14,1,5,1,2
3,37,14,3,5,1,3
3,37,14,2,1,1,39
3,37,14,1,7,1,18
3,37,14,2,1,1,30
3,37,14,3,1,1,9
3,37,14,2,1,1,27
3,37,14,3,1,1,11
3,37,14,3,5,1,29
3,37,14,2,1,1,35
3,37,14,1,5,1,6
3,37,14,3,5,1,5
3,37,14,3,2,1,5
3,37,14,2,5,1,21
3,37,14,3,1,1,15
3,37,14,3,5,1,36
3,37,14,3,5,1,11
3,37,14,1,6,1,29
3,37,14,1,5,1,10
3,37,14,1,5,1,2
3,37,14,3,5,1,15
3,37,14,2,5,1,3
3,37,14,2,1,1,31
3,37,14,3,5,1,7
3,37,14,2,11,1,22
3,37,14,3,5,1,10
3,37,14,2,1,1,42
3,37,14,3,5,1,2
3,37,14,3,1,1,9
3,37,14,3,5,1,3
3,37,14,2,1,1,41
3,37,14,1,5,1,1
3,37,14,3,5,1,12
3,37,14,3,5,1,17
3,37,14,3,5,1,26
3,37,14,1,1,1,6
3,37,14,3,1,1,18
3,37,14,2,1,1,21
3,37,14,1,5,1,2
3,37,14,1,1,1,3
3,37,14,2,1,1,20
3,37,14,3,10,1,21
3,37,14,3,5,1,4
3,37,14,2,5,1,15
3,37,14,3,1,1,3
3,37,14,2,1,1,43
1,37,29,3,1,1,17
1,37,29,2,1,1,25
1,37,29,2,9,1,38
1,37,29,1,5,1,9
1,37,29,3,1,1,2
1,37,29,2,8,1,46
1,37,29,3,1,1,21
1,37,29,1,1,1,7
1,37,29,2,5,1,32
1,37,29,2,1,1,28
1,37,29,2,1,1,22
1,37,29,2,1,1,22
1,37,29,2,5,1,26
1,37,29,2,1,1,3
1,37,29,1,1,1,7
1,37,29,3,1,1,34
1,37,29,3,1,1,6
1,37,29,2,5,1,30
1,37,29,3,1,1,25
1,37,29,3,2,1,32
1,37,29,1,1,1,12
1,37,29,2,1,1,9
1,37,29,1,1,1,7
1,37,29,2,1,1,42
1,37,29,1,1,1,10
1,37,29,3,5,1,24
1,37,29,3,5,1,24
1,37,29,2,8,1,35
1,37,29,3,1,1,7
1,37,29,3,5,1,38
1,37,29,3,8,1,34
1,37,29,2,1,1,29
1,37,29,2,1,1,14
1,37,29,3,1,1,13
1,37,29,2,1,1,18
1,37,29,2,1,1,43
1,37,29,1,2,1,2
1,37,29,1,1,1,11
1,37,29,3,5,1,39
1,37,29,1,5,1,6
1,37,29,3,8,1,22
1,37,29,3,5,1,19
1,37,29,2,11,1,40
1,37,29,2,1,1,22
1,37,29,3,5,1,14
1,37,29,3,5,1,8
1,37,29,3,5,1,17
1,37,29,3,1,1,8
1,37,29,2,5,1,30
1,37,29,3,1,1,3
1,37,29,2,1,1,33
1,14,27,2,1,2,26
1,14,27,3,1,2,30
1,14,27,1,5,2,31
1,14,27,2,1,2,31
1,14,27,2,2,2,21
1,14,27,2,11,2,6
1,14,27,2,1,2,46
1,14,27,3,1,2,27
1,14,27,3,5,2,19
1,14,27,3,5,2,18
1,14,27,3,1,2,9
1,14,27,3,2,2,41
1,14,27,3,1,2,5
1,14,27,3,6,2,46
1,14,27,2,1,2,29
1,14,27,3,1,2,27
1,14,27,1,1,2,33
1,14,27,1,11,2,7
1,14,27,3,1,2,18
1,14,27,1,1,2,3
1,14,27,2,1,2,43
1,14,27,2,1,2,22
1,14,27,2,1,2,45
1,14,27,3,5,2,53
1,14,27,3,6,2,53
1,14,27,2,6,2,58
1,14,27,3,1,2,17
1,14,27,2,1,2,57
1,14,27,3,1,2,19
1,14,27,3,1,2,13
1,14,27,2,5,2,39
1,14,27,2,1,2,19
1,14,27,3,1,2,17
1,14,27,2,1,2,15
1,14,27,2,6,2,49
1,14,27,1,11,2,30
1,14,27,1,1,2,13
1,14,27,2,1,2,18
1,14,27,2,1,2,16
1,14,27,3,1,2,18
1,14,27,1,2,2,18
1,14,27,3,1,2,17
1,14,27,3,1,2,17
1,14,27,3,1,2,41
1,14,27,1,2,2,19
2,78,26,3,11,2,49
2,78,26,1,9,2,18
2,78,26,3,1,2,35
2,78,26,3,1,2,11
2,78,26,2,1,2,32
2,78,26,3,1,2,2
2,78,26,2,1,2,61
2,78,26,2,1,2,32
2,78,26,3,5,2,13
2,78,26,3,11,2,21
2,78,26,2,7,2,46
2,78,26,3,1,2,26
2,78,26,3,1,2,16
2,78,26,3,9,2,28
2,78,26,3,5,2,21
2,78,26,3,1,2,21
2,78,26,3,1,2,41
2,78,26,3,7,2,21
2,78,26,3,1,2,34
2,78,26,3,1,2,37
2,78,26,2,5,2,29
2,78,26,2,1,2,56
2,78,26,2,1,2,18
2,78,26,2,1,2,28
2,78,26,3,1,2,26
2,78,26,3,1,2,42
2,78,26,3,1,2,27
2,78,26,3,1,2,23
2,78,26,2,1,2,11
2,78,26,3,11,2,12
2,78,26,2,1,2,16
2,78,26,3,1,2,27
2,78,26,3,1,2,35
2,78,26,3,1,2,28
2,78,26,3,11,2,18
3,78,25,1,1,2,3
3,78,25,3,5,2,21
3,78,25,3,1,2,34
3,78,25,3,1,2,22
3,78,25,3,1,2,33
3,78,25,3,1,2,30
3,78,25,1,2,2,16
3,78,25,2,1,2,50
3,78,25,3,8,2,40
3,78,25,2,1,2,15
3,78,25,2,7,2,42
3,78,25,2,1,2,34
3,78,25,3,1,2,12
3,78,25,3,1,2,27
3,78,25,1,5,2,2
3,78,25,3,1,2,17
3,78,25,3,1,2,37
3,78,25,3,1,2,11
3,78,25,1,1,2,3
3,78,25,3,2,2,41
3,78,25,2,1,2,37
3,78,25,3,1,2,34
3,78,25,3,1,2,31
3,78,25,1,5,2,4
3,78,25,3,1,2,12
3,78,25,2,1,2,30
3,78,25,3,1,2,22
3,78,25,2,1,2,38
3,78,25,2,1,2,26
3,78,25,2,1,2,40
3,78,25,3,1,2,43
3,78,25,3,1,2,6
3,78,25,2,1,2,37
3,78,25,3,1,2,36
3,78,25,1,1,2,14
3,78,25,2,1,2,24
3,78,25,3,1,2,20
3,78,25,2,1,2,44
3,78,25,3,1,2,32
3,78,25,3,1,2,20
1,19,28,1,1,1,11
1,19,28,2,1,1,35
1,19,28,2,1,1,20
1,19,28,2,6,1,36
1,19,28,3,1,1,7
1,19,28,2,1,1,63
1,19,28,2,1,1,61
1,19,28,2,1,1,31
1,19,28,2,1,1,29
1,19,28,1,1,1,2
1,19,28,3,5,1,14
1,19,28,3,1,1,32
1,19,28,1,1,1,1
1,19,28,3,1,1,35
1,19,28,3,1,1,26
1,19,28,2,1,1,54
1,19,28,3,5,1,15
1,19,28,3,1,1,21
1,19,28,2,1,1,36
1,19,28,2,11,1,41
1,19,28,1,1,1,5
1,19,28,3,1,1,5
1,19,28,1,9,1,24
1,19,28,2,1,1,18
1,19,28,3,1,1,37
1,19,28,3,6,1,10
1,19,28,3,1,1,31
1,19,28,3,1,1,9
1,19,28,3,11,1,10
1,19,28,3,11,1,27
1,19,28,2,1,1,49
1,19,28,2,1,1,33
1,19,28,2,1,1,50
1,19,28,3,1,1,32
1,19,28,3,5,1,16
1,19,28,1,1,1,13
1,19,28,2,1,1,29
1,19,28,1,1,1,11
1,44,13,2,1,1,41
1,44,13,1,1,1,15
1,44,13,3,5,1,17
1,44,13,3,5,1,15
1,44,13,3,5,1,24
1,44,13,1,5,1,5
1,44,13,1,1,1,5
1,44,13,3,5,1,21
1,44,13,3,1,1,7
1,44,13,1,5,1,14
1,44,13,3,1,1,3
1,44,13,3,11,1,8
1,44,13,2,1,1,5
1,44,13,3,3,1,20
1,44,13,3,5,1,4
1,44,13,1,5,1,1
1,44,13,3,5,1,35
1,44,13,1,5,1,2
1,44,13,3,5,1,12
1,44,13,3,1,1,12
1,44,13,3,5,1,20
1,44,13,1,5,1,9
1,44,13,3,7,1,27
1,44,13,3,1,1,4
1,44,13,3,5,1,28
1,44,13,3,5,1,13
1,44,13,3,5,1,14
1,44,13,3,5,1,23
1,44,13,1,5,1,11
1,44,13,1,5,1,3
1,44,13,2,1,1,30
1,44,13,3,11,1,28
1,44,13,3,1,1,15
1,44,13,3,5,1,7
1,44,13,3,1,1,6
1,44,13,3,5,1,11
1,44,13,3,5,1,5
1,44,13,2,2,1,27
1,44,13,1,1,1,11
1,44,13,2,1,1,42
1,44,13,3,5,1,17
1,44,13,3,1,1,6
1,44,13,3,1,1,48
1,44,13,2,1,1,34
1,44,13,3,3,1,14
1,44,13,1,5,1,2
1,44,13,3,1,1,25
1,44,13,3,5,1,10
2,57,17,1,5,1,1
2,57,17,2,1,1,22
2,57,17,3,1,1,7
2,57,17,3,1,1,17
2,57,17,3,5,1,2
2,57,17,3,1,1,17
2,57,17,2,1,1,55
2,57,17,3,5,1,3
2,57,17,3,5,1,14
2,57,17,1,1,1,17
2,57,17,2,1,1,21
2,57,17,2,1,1,13
2,57,17,2,1,1,19
2,57,17,1,5,1,2
2,57,17,3,1,1,13
2,57,17,2,1,1,10
2,57,17,3,1,1,21
2,57,17,1,5,1,1
2,57,17,3,1,1,8
2,57,17,3,5,1,32
2,57,17,3,5,1,17
2,57,17,3,6,1,13
2,57,17,2,1,1,20
2,57,17,1,7,1,23
2,57,17,3,4,1,20
2,57,17,3,1,1,24
2,57,17,1,1,1,10
2,57,17,2,5,1,8
2,57,17,1,1,1,4
2,57,17,1,5,1,6
2,57,17,3,1,1,20
2,57,17,2,6,1,62
2,57,17,3,3,1,9
2,57,17,1,8,1,20
2,57,17,1,5,1,8
2,57,17,3,5,1,2
2,57,17,3,5,1,1
2,57,17,1,5,1,12
2,57,17,3,1,1,10
2,57,17,3,5,1,23
2,57,17,3,1,1,16
2,57,17,3,4,1,45
2,57,17,3,5,1,17
2,57,17,2,1,1,35
2,57,17,2,2,1,40
2,57,17,3,5,1,26
3,57,12,1,1,1,9
3,57,12,3,5,1,10
3,57,12,3,10,1,25
3,57,12,3,5,1,20
3,57,12,2,1,1,4
3,57,12,3,10,1,48
3,57,12,3,5,1,8
3,57,12,3,5,1,5
3,57,12,3,1,1,18
3,57,12,3,5,1,14
3,57,12,3,5,1,16
3,57,12,3,5,1,28
3,57,12,3,1,1,19
3,57,12,1,1,1,16
3,57,12,1,1,1,4
3,57,12,3,1,1,4
3,57,12,2,3,1,19
3,57,12,3,7,1,23
3,57,12,1,1,1,8
3,57,12,3,5,1,9
3,57,12,3,1,1,39
3,57,12,3,5,1,17
3,57,12,2,1,1,4
3,57,12,1,5,1,7
3,57,12,2,1,1,48
3,57,12,2,1,1,13
3,57,12,1,5,1,16
3,57,12,3,5,1,12
3,57,12,3,1,1,40
3,57,12,3,5,1,21
3,57,12,3,1,1,14
3,48,27,2,1,1,30
3,48,27,2,1,1,16
3,48,27,3,7,1,8
3,48,27,3,7,1,28
3,48,27,3,1,1,19
3,48,27,3,1,1,11
3,48,27,2,1,1,26
3,48,27,2,1,1,29
3,48,27,3,9,1,31
3,48,27,3,1,1,21
3,48,27,3,1,1,15
3,48,27,1,8,1,6
3,48,27,2,1,1,42
3,48,27,3,8,1,33
3,48,27,3,11,1,19
3,48,27,3,1,1,12
3,48,27,2,1,1,50
3,48,27,3,1,1,6
3,48,27,1,1,1,10
3,48,27,3,11,1,34
3,48,27,3,1,1,46
3,48,27,2,1,1,33
3,48,27,1,7,1,38
3,48,27,3,1,1,23
3,48,27,3,1,1,18
3,48,27,3,7,1,15
3,48,27,1,1,1,7
3,48,27,3,1,1,10
3,48,27,1,8,1,4
3,48,27,1,1,1,10
3,48,27,1,11,1,5
3,48,27,2,1,1,45
3,48,27,3,1,1,15
3,48,27,3,7,1,20
3,48,27,3,7,1,41
3,48,27,2,11,1,16
3,48,27,2,1,1,46
3,48,27,1,1,1,15
3,48,27,3,1,1,13
3,48,27,3,8,1,4
3,48,27,2,1,1,41
3,48,27,1,1,1,11
3,48,27,3,1,1,9
3,48,27,3,7,1,45
3,48,27,3,11,1,10
3,48,27,3,1,1,22
3,48,27,2,1,1,41
3,48,27,3,1,1,26
3,48,27,3,7,1,38
3,48,27,2,1,1,53
3,48,27,1,1,1,9
3,48,27,3,1,1,3
3,48,27,2,1,1,29
3,48,27,3,1,1,33
3,48,27,2,1,1,33
3,48,27,3,1,1,6
3,48,27,3,7,1,23
3,48,27,3,8,1,22
3,48,27,3,1,1,5
3,48,27,1,1,1,16
3,48,27,3,7,1,14
3,48,27,2,5,1,16
3,48,27,3,5,1,12
3,48,27,3,1,1,20
3,48,27,2,1,1,35
3,48,27,2,1,1,30
3,48,27,3,7,1,31
3,48,27,3,1,1,26
3,48,27,2,1,1,13
3,48,27,3,1,1,13
3,48,27,3,8,1,23
3,48,27,2,1,1,21
3,48,27,3,1,1,13
3,48,27,3,8,1,32
3,48,27,2,1,1,43
3,48,27,3,1,1,4
3,48,27,2,1,1,63
1,48,11,3,1,1,30
1,48,11,1,5,1,5
1,48,11,1,7,1,16
1,48,11,3,1,1,40
1,48,11,1,1,1,14
1,48,11,1,11,1,10
1,48,11,3,9,1,41
1,48,11,3,5,1,2
1,48,11,1,6,1,19
1,48,11,3,5,1,15
1,48,11,3,5,1,14
1,48,11,1,1,1,3
1,48,11,3,2,1,11
1,48,11,2,1,1,1
1,48,11,2,7,1,42
1,48,11,1,5,1,1
1,48,11,1,5,1,16
1,48,11,1,5,1,8
1,48,11,3,5,1,5
1,48,11,3,5,1,24
1,48,11,3,11,1,3
1,48,11,3,5,1,3
1,48,11,2,5,1,42
1,48,11,1,5,1,15
1,48,11,3,2,1,2
1,48,11,1,5,1,12
1,48,11,1,5,1,4
1,48,11,3,5,1,16
1,48,11,3,5,1,11
1,48,11,3,10,1,2
1,48,11,2,5,1,25
1,48,11,3,5,1,9
1,48,11,3,5,1,20
1,48,11,2,5,1,8
1,48,11,1,1,1,3
1,48,11,3,7,1,17
1,48,11,3,1,1,1
1,48,11,3,5,1,16
1,48,11,2,1,1,9
1,34,17,3,1,1,18
1,34,17,3,1,1,21
1,34,17,3,1,1,14
1,34,17,3,1,1,1
1,34,17,3,6,1,1
1,34,17,3,1,1,11
1,34,17,1,5,1,4
1,34,17,1,1,1,6
1,34,17,3,6,1,22
1,34,17,1,1,1,8
1,34,17,3,1,1,13
1,34,17,1,1,1,17
1,34,17,1,1,1,6
1,34,17,1,1,1,9
1,34,17,2,1,1,14
1,34,17,3,1,1,12
1,34,17,1,1,1,8
1,34,17,3,5,1,14
1,34,17,2,1,1,18
1,34,17,1,1,1,7
1,34,17,1,1,1,20
1,34,17,1,1,1,4
1,34,17,2,1,1,27
1,34,17,1,1,1,2
1,34,17,3,1,1,10
1,34,17,3,9,1,21
1,34,17,3,1,1,12
1,34,17,3,1,1,25
1,34,17,1,1,1,4
1,34,17,2,1,1,28
1,34,17,3,1,1,13
1,34,17,3,1,1,14
1,34,17,3,1,1,10
1,34,17,1,4,1,5
1,34,17,3,1,1,14
1,34,17,2,1,1,36
1,34,17,3,11,1,18
2,54,16,3,1,1,6
2,54,16,1,1,1,3
2,54,16,2,1,1,1
2,54,16,2,1,1,25
2,54,16,3,1,1,12
2,54,16,1,1,1,5
2,54,16,3,5,1,9
2,54,16,3,1,1,30
2,54,16,2,5,1,12
2,54,16,3,2,1,7
2,54,16,3,2,1,29
2,54,16,2,1,1,19
2,54,16,3,1,1,13
2,54,16,1,5,1,5
2,54,16,3,1,1,17
2,54,16,3,1,1,11
2,54,16,3,1,1,16
2,54,16,1,1,1,5
2,54,16,3,5,1,7
2,54,16,3,1,1,11
2,54,16,1,1,1,7
2,54,16,3,1,1,10
2,54,16,3,1,1,9
2,54,16,3,1,1,9
2,54,16,1,1,1,13
2,54,16,1,1,1,5
2,54,16,3,1,1,5
2,54,16,3,1,1,12
2,54,16,3,1,1,3
2,54,16,1,5,1,2
2,54,16,3,1,1,13
2,54,16,2,1,1,16
2,54,16,2,1,1,4
3,54,11,2,2,1,8
3,54,11,1,1,1,1
3,54,11,2,1,1,42
3,54,11,3,1,1,8
3,54,11,1,5,1,6
3,54,11,3,1,1,19
3,54,11,3,10,1,20
3,54,11,3,1,1,11
3,54,11,3,5,1,18
3,54,11,3,1,1,6
3,54,11,3,1,1,17
3,54,11,2,1,1,28
3,54,11,2,7,1,20
3,54,11,3,9,1,17
3,54,11,3,1,1,2
3,54,11,1,1,1,4
3,54,11,3,1,1,1
3,54,11,3,1,1,14
3,54,11,1,5,1,4
3,54,11,3,1,1,17
3,54,11,3,1,1,3
3,54,11,3,1,1,3
3,54,11,2,1,1,20
3,54,11,3,1,1,2
3,54,11,3,1,1,26
3,54,11,1,1,1,6
1,25,24,2,7,1,23
1,25,24,1,5,1,10
1,25,24,3,1,1,26
1,25,24,3,1,1,44
1,25,24,1,5,1,12
1,25,24,3,1,1,26
1,25,24,3,11,1,17
1,25,24,3,1,1,16
1,25,24,3,1,1,8
1,25,24,3,1,1,26
1,25,24,2,1,1,30
1,25,24,2,1,1,9
1,25,24,2,5,1,40
1,25,24,3,5,1,9
1,25,24,2,1,1,26
1,25,24,3,7,1,20
1,25,24,3,1,1,33
1,25,24,2,11,1,38
1,25,24,3,1,1,15
1,25,24,1,1,1,34
1,25,24,3,1,1,18
1,25,24,3,5,1,10
1,25,24,2,5,1,22
1,25,24,2,1,1,26
1,25,24,2,5,1,26
1,25,24,3,1,1,14
1,25,24,3,5,1,6
1,25,24,2,5,1,21
1,25,24,1,1,1,21
1,25,24,2,1,1,33
1,25,24,3,5,1,4
1,25,24,1,5,1,27
1,25,24,3,1,1,8
1,25,24,3,1,1,17
1,25,24,3,1,1,25
1,25,24,2,1,1,22
1,25,24,3,7,1,29
1,25,24,3,5,1,11
1,25,24,2,7,1,28
1,25,24,3,1,1,19
1,25,24,2,11,1,39
1,25,24,2,5,1,9
1,25,24,2,5,1,19
1,25,24,3,1,1,11
1,25,24,2,1,1,21
1,25,24,3,5,1,17
1,25,24,2,1,1,19
1,25,24,3,1,1,22
1,25,24,2,1,1,22
1,25,24,3,5,1,20
1,25,24,3,1,1,8
1,25,24,2,5,1,26
1,25,24,3,1,1,20
1,25,24,3,5,1,6
1,25,24,1,5,1,12
1,25,24,3,5,1,30
1,25,24,3,7,1,34
1,25,24,3,5,1,25
1,25,24,2,1,1,26
1,25,24,3,5,1,14
1,25,24,3,11,1,33
1,25,24,3,7,1,19
1,25,24,3,5,1,12
1,25,24,2,1,1,20
1,25,24,2,5,1,33
1,25,24,3,1,1,14
1,25,24,1,1,1,6
1,25,24,3,1,1,4
1,25,24,3,5,1,26
1,25,24,3,1,1,11
1,25,24,1,1,1,3
1,25,24,2,5,1,38
1,25,24,3,1,1,31
1,25,24,3,1,1,21
1,25,24,2,9,1,45
1,25,24,3,11,1,20
1,25,24,2,1,1,14
1,25,24,2,1,1,46
1,25,24,2,1,1,22
1,25,24,3,11,1,12
1,25,24,3,7,1,14
2,32,25,2,1,1,17
2,32,25,2,11,1,25
2,32,25,3,8,1,32
2,32,25,2,8,1,57
2,32,25,3,1,1,5
2,32,25,2,1,1,18
2,32,25,1,1,1,3
2,32,25,3,1,1,14
2,32,25,3,7,1,31
2,32,25,3,5,1,14
2,32,25,1,5,1,12
2,32,25,2,5,1,9
2,32,25,1,2,1,8
2,32,25,1,5,1,1
2,32,25,3,5,1,5
2,32,25,3,9,1,16
2,32,25,3,1,1,8
2,32,25,2,2,1,42
2,32,25,2,1,1,21
2,32,25,2,1,1,20
2,32,25,2,2,1,39
2,32,25,2,7,1,53
2,32,25,2,8,1,33
2,32,25,3,8,1,18
2,32,25,2,5,1,27
2,32,25,3,8,1,34
2,32,25,2,1,1,26
2,32,25,1,5,1,11
2,32,25,3,1,1,12
2,32,25,2,1,1,51
2,32,25,2,6,1,63
2,32,25,3,1,1,34
2,32,25,3,6,1,10
2,32,25,3,1,1,11
2,32,25,3,1,1,28
2,32,25,3,5,1,2
2,32,25,3,2,1,9
2,32,25,3,1,1,8
2,32,25,2,11,1,64
2,32,25,3,7,1,26
2,32,25,2,7,1,40
2,32,25,2,1,1,38
2,32,25,3,6,1,13
2,32,25,3,1,1,24
2,32,25,1,6,1,26
2,32,25,1,5,1,20
2,32,25,2,1,1,33
2,32,25,2,7,1,27
2,32,25,3,5,1,42
2,32,25,3,10,1,32
2,32,25,1,1,1,17
2,32,25,2,1,1,34
2,32,25,3,5,1,11
2,32,25,3,1,1,26
2,32,25,3,8,1,3
2,32,25,2,1,1,43
2,32,25,3,8,1,17
2,32,25,3,5,1,2
2,32,25,3,9,1,33
2,32,25,3,5,1,5
2,32,25,3,1,1,26
2,32,25,2,1,1,51
2,32,25,3,5,1,23
2,32,25,3,5,1,32
2,32,25,1,6,1,17
2,32,25,2,1,1,17
2,32,25,2,1,1,11
2,32,25,3,1,1,16
2,32,25,3,8,1,24
2,32,25,3,1,1,15
2,32,25,3,5,1,38
3,32,24,2,1,1,4
3,32,24,2,1,1,16
3,32,24,3,9,1,59
3,32,24,3,5,1,7
3,32,24,1,1,1,4
3,32,24,3,5,1,20
3,32,24,1,5,1,8
3,32,24,1,9,1,36
3,32,24,2,1,1,36
3,32,24,3,8,1,27
3,32,24,3,5,1,16
3,32,24,2,1,1,28
3,32,24,3,1,1,15
3,32,24,3,7,1,27
3,32,24,3,1,1,11
3,32,24,2,1,1,41
3,32,24,3,1,1,22
3,32,24,3,1,1,10
3,32,24,1,5,1,11
3,32,24,2,1,1,14
3,32,24,3,1,1,5
3,32,24,2,1,1,13
3,32,24,1,1,1,6
3,32,24,3,5,1,36
3,32,24,3,1,1,3
3,32,24,2,5,1,26
3,32,24,3,2,1,44
3,32,24,1,7,1,18
3,32,24,3,11,1,12
3,32,24,3,1,1,18
3,32,24,3,5,1,8
3,32,24,3,1,1,19
3,32,24,3,5,1,26
3,32,24,3,1,1,3
3,32,24,1,11,1,9
3,32,24,1,5,1,18
3,32,24,3,1,1,39
3,32,24,3,7,1,34
3,32,24,2,1,1,33
3,32,24,2,4,1,18
3,32,24,3,5,1,33
3,32,24,3,1,1,16
3,32,24,3,1,1,2
3,32,24,2,1,1,19
3,32,24,3,5,1,11
3,32,24,3,5,1,15
3,32,24,3,1,1,17
3,32,24,3,2,1,14
3,32,24,2,5,1,26
3,32,24,3,11,1,43
3,32,24,2,8,1,64
3,32,24,3,5,1,3
3,32,24,3,1,1,19
3,32,24,1,1,1,2
3,32,24,2,9,1,28
3,32,24,3,5,1,17
3,32,24,3,7,1,32
3,32,24,3,2,1,17
3,32,24,2,1,1,21
3,32,24,3,8,1,27
3,32,24,3,1,1,9
3,32,24,2,1,1,18
3,32,24,3,1,1,10
3,32,24,2,1,1,41
3,32,24,3,6,1,49
3,32,24,2,1,1,20
3,32,24,2,8,1,44
3,32,24,2,2,1,15
3,32,24,2,1,1,11
3,32,24,3,5,1,17
3,32,24,2,1,1,40
3,32,24,1,7,1,15
3,32,24,2,5,1,18
3,32,24,1,1,1,5
3,32,24,2,1,1,33
3,32,24,3,1,1,13
3,32,24,2,11,1,21
3,32,24,3,5,1,9
3,32,24,3,9,1,17
3,32,24,3,1,1,13
1,22,34,2,1,1,19
1,22,34,3,1,1,21
1,22,34,3,7,1,6
1,22,34,2,1,1,15
1,22,34,3,1,1,2
1,22,34,1,1,1,11
1,22,34,2,1,1,26
1,22,34,3,1,1,1
1,22,34,1,1,1,10
1,22,34,2,1,1,10
1,22,34,3,1,1,36
1,22,34,3,1,1,12
1,22,34,2,7,1,29
1,22,34,3,1,1,16
1,22,34,2,1,1,16
1,22,34,2,1,1,45
1,22,34,3,1,1,7
1,22,34,1,7,1,7
1,22,34,3,11,1,17
1,22,34,2,1,1,39
1,22,34,3,1,1,9
1,22,34,3,1,1,15
1,22,34,2,1,1,25
1,22,34,3,1,1,17
1,22,34,3,1,1,5
1,22,34,1,1,1,5
1,22,34,3,8,1,31
1,22,34,3,1,1,7
1,22,34,3,1,1,13
1,22,34,3,7,1,1
1,22,34,3,1,1,27
1,22,34,3,1,1,22
1,22,34,1,1,1,9
1,22,34,3,10,1,19
1,22,34,3,1,1,17
1,22,34,3,1,1,5
1,22,34,2,1,1,24
1,22,34,3,1,1,16
1,22,34,1,11,1,24
1,22,34,2,1,1,29
1,22,34,3,1,1,2
1,22,34,2,1,1,32
1,22,34,1,1,1,9
1,22,34,3,1,1,23
1,22,34,3,1,1,20
1,22,34,1,7,1,30
1,22,34,2,1,1,30
1,22,34,2,1,1,24
1,22,34,2,1,1,10
1,22,34,3,1,1,18
1,22,34,3,1,1,27
1,22,34,2,1,1,28
1,22,34,3,1,1,14
1,22,34,2,1,1,19
1,22,34,2,1,1,20
1,22,34,2,1,1,34
1,22,34,3,1,1,2
1,22,34,2,1,1,39
1,22,34,3,7,1,24
1,22,34,3,1,1,11
1,22,34,2,1,1,19
1,22,34,2,1,1,49
1,22,34,2,1,1,17
1,22,34,3,10,1,7
1,22,34,2,1,1,36
1,22,34,1,1,1,2
1,22,34,3,1,1,18
1,22,34,2,1,1,41
1,22,34,2,1,1,21
1,22,34,1,1,1,18
1,22,34,3,1,1,19
1,22,34,2,1,1,13
1,22,34,2,1,1,5
1,22,34,1,7,1,4
1,22,34,3,1,1,18
1,22,34,3,1,1,3
1,22,34,2,1,1,37
1,22,34,2,1,1,44
1,22,34,2,1,1,28
2,30,27,2,1,1,37
2,30,27,3,1,1,14
2,30,27,3,8,1,30
2,30,27,2,1,1,10
2,30,27,3,1,1,30
2,30,27,3,1,1,25
2,30,27,3,1,1,14
2,30,27,3,1,1,13
2,30,27,3,8,1,24
2,30,27,3,1,1,13
2,30,27,1,7,1,11
2,30,27,3,1,1,8
2,30,27,2,1,1,17
2,30,27,2,5,1,27
2,30,27,3,1,1,8
2,30,27,3,1,1,9
2,30,27,3,1,1,8
2,30,27,3,1,1,33
2,30,27,3,1,1,16
2,30,27,3,1,1,14
2,30,27,3,1,1,16
2,30,27,2,1,1,9
2,30,27,2,1,1,22
2,30,27,2,1,1,28
2,30,27,2,1,1,43
2,30,27,3,7,1,21
2,30,27,2,1,1,34
2,30,27,3,1,1,18
2,30,27,3,1,1,8
2,30,27,2,1,1,10
2,30,27,3,1,1,15
2,30,27,3,5,1,7
2,30,27,3,1,1,17
2,30,27,2,1,1,10
2,30,27,2,1,1,12
2,30,27,2,1,1,47
2,30,27,2,1,1,16
2,30,27,3,1,1,1
2,30,27,2,1,1,11
2,30,27,3,2,1,26
2,30,27,3,1,1,4
2,30,27,1,6,1,3
2,30,27,3,1,1,12
2,30,27,3,1,1,25
2,30,27,2,1,1,37
2,30,27,3,1,1,23
2,30,27,3,1,1,14
2,30,27,3,1,1,8
2,30,27,3,1,1,21
2,30,27,1,1,1,8
2,30,27,3,1,1,4
2,30,27,3,1,1,3
2,30,27,3,1,1,5
2,30,27,3,1,1,13
2,30,27,3,1,1,18
2,30,27,3,11,1,24
2,30,27,1,1,1,1
2,30,27,3,1,1,21
2,30,27,1,1,1,11
2,30,27,3,1,1,24
2,30,27,3,1,1,23
2,30,27,3,1,1,1
2,30,27,2,1,1,1
2,30,27,2,1,1,25
2,30,27,2,1,1,19
2,30,27,2,1,1,25
2,30,27,3,1,1,13
2,30,27,2,1,1,38
2,30,27,3,1,1,22
2,30,27,2,1,1,17
2,30,27,2,1,1,31
2,30,27,3,1,1,21
2,30,27,2,7,1,25
2,30,27,3,1,1,1
2,30,27,1,8,1,4
3,30,26,3,1,1,29
3,30,26,1,1,1,2
3,30,26,3,1,1,10
3,30,26,3,1,1,35
3,30,26,2,1,1,13
3,30,26,3,1,1,23
3,30,26,2,1,1,33
3,30,26,1,10,1,9
3,30,26,3,1,1,14
3,30,26,3,5,1,14
3,30,26,2,1,1,40
3,30,26,1,1,1,9
3,30,26,1,1,1,14
3,30,26,2,1,1,15
3,30,26,2,1,1,51
3,30,26,2,1,1,43
3,30,26,3,1,1,17
3,30,26,1,1,1,13
3,30,26,2,1,1,36
3,30,26,3,1,1,9
3,30,26,3,1,1,15
3,30,26,1,2,1,4
3,30,26,3,2,1,34
3,30,26,3,1,1,21
3,30,26,3,1,1,14
3,30,26,2,1,1,13
3,30,26,3,1,1,18
3,30,26,2,1,1,43
3,30,26,3,1,1,15
3,30,26,2,1,1,52
3,30,26,2,1,1,28
3,30,26,3,1,1,33
3,30,26,1,1,1,2
3,30,26,1,1,1,18
3,30,26,3,1,1,31
3,30,26,3,1,1,9
3,30,26,3,1,1,19
3,30,26,3,1,1,20
3,30,26,1,1,1,1
3,30,26,3,1,1,6
3,30,26,3,1,1,12
3,30,26,2,1,1,40
3,30,26,1,5,1,8
3,30,26,1,1,1,8
3,30,26,3,1,1,18
3,30,26,2,1,1,42
3,30,26,1,1,1,6
3,30,26,1,1,1,2
3,30,26,3,1,1,19
3,30,26,3,1,1,18
3,30,26,3,1,1,18
3,30,26,2,1,1,33
3,30,26,1,1,1,6
3,30,26,3,1,1,32
3,30,26,3,1,1,17
3,30,26,1,1,1,18
3,30,26,3,1,1,19
3,30,26,2,1,1,22
3,30,26,3,1,1,29
3,30,26,3,1,1,5
3,30,26,3,1,1,25
3,30,26,3,1,1,8
3,30,26,3,1,1,29
3,30,26,3,1,1,6
3,30,26,3,1,1,21
3,30,26,3,1,1,18
3,30,26,2,1,1,7
3,30,26,1,1,1,20
3,30,26,1,7,1,12
3,30,26,2,1,1,45
3,30,26,3,1,1,23
3,30,26,3,1,1,19
3,30,26,1,1,1,17
3,30,26,2,1,1,17
3,30,26,2,1,1,34
3,30,26,2,1,1,39
3,30,26,3,1,1,19
3,30,26,2,1,1,18
3,30,26,3,1,1,34
3,30,26,3,1,1,19
3,30,26,2,2,1,20
3,30,26,3,1,1,21
3,30,26,1,1,1,14
3,30,26,1,1,1,7
